-- MySQL dump 10.13  Distrib 8.0.33, for Win64 (x86_64)
--
-- Host: 127.0.0.1    Database: medilink
-- ------------------------------------------------------
-- Server version	8.0.33

/*!40101 SET @OLD_CHARACTER_SET_CLIENT=@@CHARACTER_SET_CLIENT */;
/*!40101 SET @OLD_CHARACTER_SET_RESULTS=@@CHARACTER_SET_RESULTS */;
/*!40101 SET @OLD_COLLATION_CONNECTION=@@COLLATION_CONNECTION */;
/*!50503 SET NAMES utf8 */;
/*!40103 SET @OLD_TIME_ZONE=@@TIME_ZONE */;
/*!40103 SET TIME_ZONE='+00:00' */;
/*!40014 SET @OLD_UNIQUE_CHECKS=@@UNIQUE_CHECKS, UNIQUE_CHECKS=0 */;
/*!40014 SET @OLD_FOREIGN_KEY_CHECKS=@@FOREIGN_KEY_CHECKS, FOREIGN_KEY_CHECKS=0 */;
/*!40101 SET @OLD_SQL_MODE=@@SQL_MODE, SQL_MODE='NO_AUTO_VALUE_ON_ZERO' */;
/*!40111 SET @OLD_SQL_NOTES=@@SQL_NOTES, SQL_NOTES=0 */;

--
-- Table structure for table `categoria`
--

DROP TABLE IF EXISTS `categoria`;
/*!40101 SET @saved_cs_client     = @@character_set_client */;
/*!50503 SET character_set_client = utf8mb4 */;
CREATE TABLE `categoria` (
  `CategoriaID` int NOT NULL,
  `Nombre` varchar(50) DEFAULT NULL,
  PRIMARY KEY (`CategoriaID`)
) ENGINE=InnoDB DEFAULT CHARSET=utf8mb4 COLLATE=utf8mb4_0900_ai_ci;
/*!40101 SET character_set_client = @saved_cs_client */;

--
-- Dumping data for table `categoria`
--

LOCK TABLES `categoria` WRITE;
/*!40000 ALTER TABLE `categoria` DISABLE KEYS */;
INSERT INTO `categoria` VALUES (1,'Dispositivos médicos'),(2,'Medicamentos'),(3,'Material de curación'),(4,'Material quirúrgico'),(5,'Productos de higiene y desinfección'),(6,'Equipos de cuidado en el hogar'),(7,'Suministros de laboratorio'),(8,'Suministros de diagnostico');
/*!40000 ALTER TABLE `categoria` ENABLE KEYS */;
UNLOCK TABLES;

--
-- Table structure for table `copiaemergencia_inventario`
--

DROP TABLE IF EXISTS `copiaemergencia_inventario`;
/*!40101 SET @saved_cs_client     = @@character_set_client */;
/*!50503 SET character_set_client = utf8mb4 */;
CREATE TABLE `copiaemergencia_inventario` (
  `ProductoID` int DEFAULT NULL,
  `SucursalID` int DEFAULT NULL,
  `Existencia` int DEFAULT NULL,
  `FechaExp` text,
  KEY `FK_Producto_Detalle` (`ProductoID`),
  KEY `FK_Sucursal` (`SucursalID`),
  CONSTRAINT `copiaemergencia_inventario_ibfk_1` FOREIGN KEY (`ProductoID`) REFERENCES `producto_detalle` (`ProductoID`),
  CONSTRAINT `copiaemergencia_inventario_ibfk_2` FOREIGN KEY (`SucursalID`) REFERENCES `sucursal` (`SucursalID`)
) ENGINE=InnoDB DEFAULT CHARSET=utf8mb4 COLLATE=utf8mb4_0900_ai_ci;
/*!40101 SET character_set_client = @saved_cs_client */;

--
-- Dumping data for table `copiaemergencia_inventario`
--

LOCK TABLES `copiaemergencia_inventario` WRITE;
/*!40000 ALTER TABLE `copiaemergencia_inventario` DISABLE KEYS */;
INSERT INTO `copiaemergencia_inventario` VALUES (1,1,111,NULL),(1,2,98,NULL),(1,3,78,NULL),(1,4,120,NULL),(1,5,111,NULL),(1,6,123,NULL),(2,1,50,NULL),(2,2,60,NULL),(2,3,32,NULL),(2,4,45,NULL),(2,5,67,NULL),(2,6,45,NULL),(3,1,71,NULL),(3,2,76,NULL),(3,3,69,NULL),(3,4,67,NULL),(3,5,60,NULL),(3,6,77,NULL),(4,1,45,NULL),(4,2,46,NULL),(4,3,39,NULL),(4,4,33,NULL),(4,5,50,NULL),(4,6,66,NULL),(5,1,44,NULL),(5,2,45,NULL),(5,3,47,NULL),(5,4,33,NULL),(5,5,41,NULL),(5,6,55,NULL),(6,1,81,'01/12/2023'),(6,2,79,'01/12/2023'),(6,3,77,'01/12/2023'),(6,4,88,'01/12/2023'),(6,5,90,'01/12/2023'),(6,6,89,'01/12/2023'),(7,1,78,'01/11/2023'),(7,2,77,'01/11/2023'),(7,3,74,'01/11/2023'),(7,4,60,'01/11/2023'),(7,5,59,'01/11/2023'),(7,6,61,'01/11/2023'),(8,1,81,'06/11/2023'),(8,2,88,'06/11/2023'),(8,3,82,'06/11/2023'),(8,4,79,'06/11/2023'),(8,5,69,'06/11/2023'),(8,6,88,'06/11/2023'),(9,1,80,NULL),(9,2,80,NULL),(9,3,79,NULL),(9,4,77,NULL),(9,5,69,NULL),(9,6,99,NULL),(10,1,2,NULL),(10,2,29,NULL),(10,3,21,NULL),(10,4,19,NULL),(10,5,28,NULL),(10,6,10,NULL),(11,1,11,NULL),(11,2,12,NULL),(11,3,29,NULL),(11,4,22,NULL),(11,5,21,NULL),(11,6,20,NULL),(12,1,111,NULL),(12,2,123,NULL),(12,3,132,NULL),(12,4,99,NULL),(12,5,88,NULL),(12,6,91,NULL),(13,1,111,'25/06/2025'),(13,2,124,'25/06/2025'),(13,3,123,'25/06/2025'),(13,4,100,'25/06/2025'),(13,5,107,'25/06/2025'),(13,6,99,'25/06/2025'),(14,1,110,'25/06/2025'),(14,2,109,'25/06/2025'),(14,3,108,'25/06/2025'),(14,4,107,'25/06/2025'),(14,5,90,'25/06/2025'),(14,6,99,'25/06/2025'),(15,1,251,NULL),(15,2,270,NULL),(15,3,222,NULL),(15,4,244,NULL),(15,5,299,NULL),(15,6,255,NULL),(16,1,21,'16/12/2024'),(16,2,20,'16/12/2024'),(16,3,19,'16/12/2024'),(16,4,17,'16/12/2024'),(16,5,22,'16/12/2024'),(16,6,21,'16/12/2024'),(17,1,300,'22/08/2024'),(17,2,302,'22/08/2024'),(17,3,299,'22/08/2024'),(17,4,297,'22/08/2024'),(17,5,288,'22/08/2024'),(17,6,276,'22/08/2024'),(18,1,200,'02/04/2024'),(18,2,201,'02/04/2024'),(18,3,207,'02/04/2024'),(18,4,188,'02/04/2024'),(18,5,139,'02/04/2024'),(18,6,210,'02/04/2024'),(19,1,123,'30/11/2024'),(19,2,124,'30/11/2024'),(19,3,132,'30/11/2024'),(19,4,119,'30/11/2024'),(19,5,111,'30/11/2024'),(19,6,115,'30/11/2024'),(20,1,77,'12/10/2023'),(20,2,65,'12/10/2023'),(20,3,87,'12/10/2023'),(20,4,88,'12/10/2023'),(20,5,80,'12/10/2023'),(20,6,78,'12/10/2023'),(21,1,180,'06/01/2024'),(21,2,178,'06/01/2024'),(21,3,170,'06/01/2024'),(21,4,178,'06/01/2024'),(21,5,188,'06/01/2024'),(21,6,190,'06/01/2024'),(22,1,200,'21/12/2023'),(22,2,210,'21/12/2023'),(22,3,198,'21/12/2023'),(22,4,199,'21/12/2023'),(22,5,200,'21/12/2023'),(22,6,129,'21/12/2023'),(23,1,255,'13/02/2024'),(23,2,251,'13/02/2024'),(23,3,249,'13/02/2024'),(23,4,247,'13/02/2024'),(23,5,239,'13/02/2024'),(23,6,277,'13/02/2024'),(24,1,150,'11/12/2023'),(24,2,158,'11/12/2023'),(24,3,156,'11/12/2023'),(24,4,154,'11/12/2023'),(24,5,140,'11/12/2023'),(24,6,123,'11/12/2023'),(25,1,310,'16/11/2023'),(25,2,300,'16/11/2023'),(25,3,301,'16/11/2023'),(25,4,298,'16/11/2023'),(25,5,288,'16/11/2023'),(25,6,173,'16/11/2023'),(26,1,256,'30/12/2023'),(26,2,244,'30/12/2023'),(26,3,233,'30/12/2023'),(26,4,267,'30/12/2023'),(26,5,233,'30/12/2023'),(26,6,250,'30/12/2023'),(27,1,157,'11/01/2024'),(27,2,149,'11/01/2024'),(27,3,145,'11/01/2024'),(27,4,155,'11/01/2024'),(27,5,156,'11/01/2024'),(27,6,133,'11/01/2024'),(28,1,188,'18/01/2024'),(28,2,189,'18/01/2024'),(28,3,179,'18/01/2024'),(28,4,176,'18/01/2024'),(28,5,128,'18/01/2024'),(28,6,179,'18/01/2024'),(29,1,201,'19/01/2024'),(29,2,199,'19/01/2024'),(29,3,200,'19/01/2024'),(29,4,201,'19/01/2024'),(29,5,205,'19/01/2024'),(29,6,209,'19/01/2024'),(30,1,250,'11/11/2023'),(30,2,250,'11/11/2023'),(30,3,250,'11/11/2023'),(30,4,244,'11/11/2023'),(30,5,243,'11/11/2023'),(30,6,241,'11/11/2023'),(31,1,154,'14/10/2023'),(31,2,144,'14/10/2023'),(31,3,166,'14/10/2023'),(31,4,177,'14/10/2023'),(31,5,122,'14/10/2023'),(31,6,167,'14/10/2023'),(32,1,302,'03/02/2024'),(32,2,299,'03/02/2024'),(32,3,234,'03/02/2024'),(32,4,310,'03/02/2024'),(32,5,320,'03/02/2024'),(32,6,301,'03/02/2024'),(33,1,233,'07/09/2023'),(33,2,222,'07/09/2023'),(33,3,288,'07/09/2023'),(33,4,256,'07/09/2023'),(33,5,256,'07/09/2023'),(33,6,250,'07/09/2023'),(34,1,159,'29/09/2023'),(34,2,150,'29/09/2023'),(34,3,149,'29/09/2023'),(34,4,134,'29/09/2023'),(34,5,150,'29/09/2023'),(34,6,151,'29/09/2023'),(35,1,219,'24/01/2024'),(35,2,222,'24/01/2024'),(35,3,190,'24/01/2024'),(35,4,255,'24/01/2024'),(35,5,230,'24/01/2024'),(35,6,233,'24/01/2024'),(36,1,119,'16/02/2024'),(36,2,120,'16/02/2024'),(36,3,190,'16/02/2024'),(36,4,155,'16/02/2024'),(36,5,130,'16/02/2024'),(36,6,133,'16/02/2024'),(37,1,155,'14/11/2023'),(37,2,154,'14/11/2023'),(37,3,153,'14/11/2023'),(37,4,144,'14/11/2023'),(37,5,146,'14/11/2023'),(37,6,155,'14/11/2023'),(38,1,230,'15/09/2023'),(38,2,234,'15/09/2023'),(38,3,222,'15/09/2023'),(38,4,229,'15/09/2023'),(38,5,231,'15/09/2023'),(38,6,230,'15/09/2023'),(39,1,100,'24/09/2023'),(39,2,111,'24/09/2023'),(39,3,99,'24/09/2023'),(39,4,97,'24/09/2023'),(39,5,98,'24/09/2023'),(39,6,108,'24/09/2023'),(40,1,100,'10/10/2023'),(40,2,110,'10/10/2023'),(40,3,111,'10/10/2023'),(40,4,130,'10/10/2023'),(40,5,128,'10/10/2023'),(40,6,99,'10/10/2023'),(41,1,259,'01/11/2023'),(41,2,244,'01/11/2023'),(41,3,244,'01/11/2023'),(41,4,258,'01/11/2023'),(41,5,266,'01/11/2023'),(41,6,270,'01/11/2023'),(42,1,200,'07/12/2023'),(42,2,222,'07/12/2023'),(42,3,213,'07/12/2023'),(42,4,190,'07/12/2023'),(42,5,198,'07/12/2023'),(42,6,201,'07/12/2023'),(43,1,200,'19/02/2024'),(43,2,211,'19/02/2024'),(43,3,222,'19/02/2024'),(43,4,222,'19/02/2024'),(43,5,223,'19/02/2024'),(43,6,224,'19/02/2024'),(44,1,189,'30/12/2023'),(44,2,180,'30/12/2023'),(44,3,189,'30/12/2023'),(44,4,187,'30/12/2023'),(44,5,177,'30/12/2023'),(44,6,177,'30/12/2023'),(45,1,198,'26/02/2024'),(45,2,198,'26/02/2024'),(45,3,197,'26/02/2024'),(45,4,194,'26/02/2024'),(45,5,195,'26/02/2024'),(45,6,188,'26/02/2024'),(46,1,256,'11/03/2024'),(46,2,255,'11/03/2024'),(46,3,250,'11/03/2024'),(46,4,250,'11/03/2024'),(46,5,245,'11/03/2024'),(46,6,233,'11/03/2024'),(47,1,169,'26/12/2023'),(47,2,160,'26/12/2023'),(47,3,155,'26/12/2023'),(47,4,160,'26/12/2023'),(47,5,144,'26/12/2023'),(47,6,161,'26/12/2023'),(48,1,241,'02/06/2024'),(48,2,242,'02/06/2024'),(48,3,239,'02/06/2024'),(48,4,238,'02/06/2024'),(48,5,234,'02/06/2024'),(48,6,140,'02/06/2024'),(49,1,280,'20/01/2024'),(49,2,289,'20/01/2024'),(49,3,282,'20/01/2024'),(49,4,279,'20/01/2024'),(49,5,240,'20/01/2024'),(49,6,255,'20/01/2024'),(50,1,161,'14/01/2024'),(50,2,167,'14/01/2024'),(50,3,156,'14/01/2024'),(50,4,146,'14/01/2024'),(50,5,166,'14/01/2024'),(50,6,170,'14/01/2024'),(51,1,150,'10/02/2024'),(51,2,152,'10/02/2024'),(51,3,153,'10/02/2024'),(51,4,147,'10/02/2024'),(51,5,149,'10/02/2024'),(51,6,142,'10/02/2024'),(52,1,81,'18/11/2023'),(52,2,82,'18/11/2023'),(52,3,88,'18/11/2023'),(52,4,66,'18/11/2023'),(52,5,78,'18/11/2023'),(52,6,72,'18/11/2023'),(53,1,91,'12/04/2024'),(53,2,90,'12/04/2024'),(53,3,88,'12/04/2024'),(53,4,76,'12/04/2024'),(53,5,77,'12/04/2024'),(53,6,79,'12/04/2024'),(54,1,71,'16/02/2024'),(54,2,78,'16/02/2024'),(54,3,76,'16/02/2024'),(54,4,66,'16/02/2024'),(54,5,66,'16/02/2024'),(54,6,68,'16/02/2024'),(55,1,99,'25/01/2024'),(55,2,91,'25/01/2024'),(55,3,96,'25/01/2024'),(55,4,88,'25/01/2024'),(55,5,82,'25/01/2024'),(55,6,67,'25/01/2024'),(56,1,110,'26/02/2024'),(56,2,112,'26/02/2024'),(56,3,111,'26/02/2024'),(56,4,109,'26/02/2024'),(56,5,120,'26/02/2024'),(56,6,123,'26/02/2024'),(57,1,53,'28/12/2023'),(57,2,55,'28/12/2023'),(57,3,65,'28/12/2023'),(57,4,33,'28/12/2023'),(57,5,44,'28/12/2023'),(57,6,46,'28/12/2023'),(58,1,146,'06/03/2024'),(58,2,150,'06/03/2024'),(58,3,140,'06/03/2024'),(58,4,141,'06/03/2024'),(58,5,149,'06/03/2024'),(58,6,139,'06/03/2024'),(59,1,115,'16/01/2024'),(59,2,116,'16/01/2024'),(59,3,134,'16/01/2024'),(59,4,100,'16/01/2024'),(59,5,109,'16/01/2024'),(59,6,123,'16/01/2024'),(60,1,118,'02/06/2024'),(60,2,118,'02/06/2024'),(60,3,111,'02/06/2024'),(60,4,119,'02/06/2024'),(60,5,117,'02/06/2024'),(60,6,113,'02/06/2024'),(61,1,205,'12/05/2024'),(61,2,206,'12/05/2024'),(61,3,222,'12/05/2024'),(61,4,202,'12/05/2024'),(61,5,202,'12/05/2024'),(61,6,212,'12/05/2024'),(62,1,191,'12/12/2023'),(62,2,190,'12/12/2023'),(62,3,189,'12/12/2023'),(62,4,178,'12/12/2023'),(62,5,187,'12/12/2023'),(62,6,190,'12/12/2023'),(63,1,70,'01/06/2024'),(63,2,71,'01/06/2024'),(63,3,78,'01/06/2024'),(63,4,69,'01/06/2024'),(63,5,68,'01/06/2024'),(63,6,65,'01/06/2024'),(64,1,175,'21/07/2024'),(64,2,178,'21/07/2024'),(64,3,170,'21/07/2024'),(64,4,169,'21/07/2024'),(64,5,176,'21/07/2024'),(64,6,188,'21/07/2024'),(65,1,80,'28/12/2023'),(65,2,81,'28/12/2023'),(65,3,82,'28/12/2023'),(65,4,78,'28/12/2023'),(65,5,87,'28/12/2023'),(65,6,79,'28/12/2023'),(66,1,146,'26/02/2024'),(66,2,145,'26/02/2024'),(66,3,144,'26/02/2024'),(66,4,143,'26/02/2024'),(66,5,146,'26/02/2024'),(66,6,146,'26/02/2024'),(67,1,165,'11/04/2024'),(67,2,164,'11/04/2024'),(67,3,163,'11/04/2024'),(67,4,166,'11/04/2024'),(67,5,167,'11/04/2024'),(67,6,165,'11/04/2024'),(68,1,133,'12/01/2024'),(68,2,134,'12/01/2024'),(68,3,135,'12/01/2024'),(68,4,146,'12/01/2024'),(68,5,122,'12/01/2024'),(68,6,131,'12/01/2024'),(69,1,97,'26/11/2023'),(69,2,98,'26/11/2023'),(69,3,99,'26/11/2023'),(69,4,101,'26/11/2023'),(69,5,96,'26/11/2023'),(69,6,99,'26/11/2023'),(70,1,175,'18/12/2023'),(70,2,176,'18/12/2023'),(70,3,171,'18/12/2023'),(70,4,176,'18/12/2023'),(70,5,179,'18/12/2023'),(70,6,199,'18/12/2023'),(71,1,115,'07/12/2023'),(71,2,116,'07/12/2023'),(71,3,114,'07/12/2023'),(71,4,113,'07/12/2023'),(71,5,116,'07/12/2023'),(71,6,115,'07/12/2023'),(72,1,148,NULL),(72,2,139,NULL),(72,3,134,NULL),(72,4,141,NULL),(72,5,142,NULL),(72,6,144,NULL),(73,1,190,NULL),(73,2,191,NULL),(73,3,199,NULL),(73,4,189,NULL),(73,5,178,NULL),(73,6,187,NULL),(74,1,145,NULL),(74,2,146,NULL),(74,3,145,NULL),(74,4,144,NULL),(74,5,143,NULL),(74,6,145,NULL),(75,1,101,'02/06/2024'),(75,2,99,'02/06/2024'),(75,3,100,'02/06/2024'),(75,4,102,'02/06/2024'),(75,5,100,'02/06/2024'),(75,6,105,'02/06/2024'),(76,1,92,'10/05/2023'),(76,2,99,'10/05/2023'),(76,3,89,'10/05/2023'),(76,4,99,'10/05/2023'),(76,5,96,'10/05/2023'),(76,6,91,'10/05/2023'),(77,1,80,'11/07/2023'),(77,2,81,'11/07/2023'),(77,3,88,'11/07/2023'),(77,4,78,'11/07/2023'),(77,5,78,'11/07/2023'),(77,6,79,'11/07/2023'),(78,1,166,NULL),(78,2,167,NULL),(78,3,166,NULL),(78,4,165,NULL),(78,5,167,NULL),(78,6,169,NULL),(79,1,131,NULL),(79,2,132,NULL),(79,3,133,NULL),(79,4,123,NULL),(79,5,125,NULL),(79,6,133,NULL),(80,1,178,'14/01/2025'),(80,2,176,'14/01/2025'),(80,3,170,'14/01/2025'),(80,4,169,'14/01/2025'),(80,5,167,'14/01/2025'),(80,6,166,'14/01/2025'),(81,1,90,'01/07/2025'),(81,2,98,'01/07/2025'),(81,3,96,'01/07/2025'),(81,4,91,'01/07/2025'),(81,5,89,'01/07/2025'),(81,6,87,'01/07/2025'),(82,1,151,'10/12/2024'),(82,2,153,'10/12/2024'),(82,3,149,'10/12/2024'),(82,4,144,'10/12/2024'),(82,5,149,'10/12/2024'),(82,6,159,'10/12/2024'),(83,1,171,'11/10/2024'),(83,2,177,'11/10/2024'),(83,3,176,'11/10/2024'),(83,4,174,'11/10/2024'),(83,5,175,'11/10/2024'),(83,6,169,'11/10/2024'),(84,1,122,'10/01/2025'),(84,2,123,'10/01/2025'),(84,3,123,'10/01/2025'),(84,4,124,'10/01/2025'),(84,5,112,'10/01/2025'),(84,6,119,'10/01/2025'),(85,1,160,'27/11/2024'),(85,2,169,'27/11/2024'),(85,3,170,'27/11/2024'),(85,4,171,'27/11/2024'),(85,5,177,'27/11/2024'),(85,6,166,'27/11/2024'),(86,1,177,'25/12/2024'),(86,2,176,'25/12/2024'),(86,3,170,'25/12/2024'),(86,4,179,'25/12/2024'),(86,5,180,'25/12/2024'),(86,6,181,'25/12/2024'),(87,1,70,NULL),(87,2,71,NULL),(87,3,69,NULL),(87,4,66,NULL),(87,5,67,NULL),(87,6,66,NULL),(88,1,61,NULL),(88,2,66,NULL),(88,3,65,NULL),(88,4,61,NULL),(88,5,59,NULL),(88,6,57,NULL),(89,1,91,NULL),(89,2,90,NULL),(89,3,99,NULL),(89,4,89,NULL),(89,5,87,NULL),(89,6,99,NULL),(90,1,70,NULL),(90,2,71,NULL),(90,3,69,NULL),(90,4,67,NULL),(90,5,66,NULL),(90,6,67,NULL),(91,1,122,NULL),(91,2,122,NULL),(91,3,112,NULL),(91,4,115,NULL),(91,5,119,NULL),(91,6,126,NULL),(92,1,81,'16/09/2024'),(92,2,82,'16/09/2024'),(92,3,79,'16/09/2024'),(92,4,88,'16/09/2024'),(92,5,82,'16/09/2024'),(92,6,81,'16/09/2024'),(93,1,150,'07/08/2024'),(93,2,152,'07/08/2024'),(93,3,149,'07/08/2024'),(93,4,177,'07/08/2024'),(93,5,166,'07/08/2024'),(93,6,152,'07/08/2024'),(94,1,122,'14/10/2024'),(94,2,121,'14/10/2024'),(94,3,119,'14/10/2024'),(94,4,118,'14/10/2024'),(94,5,121,'14/10/2024'),(94,6,120,'14/10/2024'),(95,1,131,'28/02/2025'),(95,2,165,'28/02/2025'),(95,3,205,'28/02/2025'),(95,4,94,'28/02/2025'),(95,5,165,'28/02/2025'),(95,6,176,'28/02/2025'),(96,1,215,'02/05/2025'),(96,2,176,'02/05/2025'),(96,3,146,'02/05/2025'),(96,4,137,'02/05/2025'),(96,5,148,'02/05/2025'),(96,6,188,'02/05/2025'),(97,1,210,'12/07/2025'),(97,2,167,'12/07/2025'),(97,3,188,'12/07/2025'),(97,4,100,'12/07/2025'),(97,5,96,'12/07/2025'),(97,6,88,'12/07/2025'),(98,1,215,'10/07/2025'),(98,2,80,'10/07/2025'),(98,3,189,'10/07/2025'),(98,4,279,'10/07/2025'),(98,5,176,'10/07/2025'),(98,6,163,'10/07/2025'),(99,1,177,'10/10/2025'),(99,2,96,'10/10/2025'),(99,3,114,'10/10/2025'),(99,4,165,'10/10/2025'),(99,5,70,'10/10/2025'),(99,6,96,'10/10/2025'),(100,1,245,'11/12/2025'),(100,2,276,'11/12/2025'),(100,3,120,'11/12/2025'),(100,4,146,'11/12/2025'),(100,5,128,'11/12/2025'),(100,6,196,'11/12/2025'),(101,1,195,'10/12/2023'),(101,2,175,'10/12/2023'),(101,3,110,'10/12/2023'),(101,4,210,'10/12/2023'),(101,5,190,'10/12/2023'),(101,6,200,'10/12/2023'),(102,1,290,NULL),(102,2,220,NULL),(102,3,215,NULL),(102,4,276,NULL),(102,5,196,NULL),(102,6,199,NULL),(103,1,188,'17/05/2024'),(103,2,210,'17/05/2024'),(103,3,179,'17/05/2024'),(103,4,216,'17/05/2024'),(103,5,100,'17/05/2024'),(103,6,145,'17/05/2024'),(104,1,185,'27/03/2025'),(104,2,210,'27/03/2025'),(104,3,265,'27/03/2025'),(104,4,112,'27/03/2025'),(104,5,206,'27/03/2025'),(104,6,179,'27/03/2025'),(105,1,250,'13/02/2025'),(105,2,222,'13/02/2025'),(105,3,145,'13/02/2025'),(105,4,190,'13/02/2025'),(105,5,217,'13/02/2025'),(105,6,260,'13/02/2025'),(106,1,210,NULL),(106,2,77,NULL),(106,3,176,NULL),(106,4,195,NULL),(106,5,145,NULL),(106,6,163,NULL),(107,1,245,'22/12/2025'),(107,2,278,'22/12/2025'),(107,3,146,'22/12/2025'),(107,4,163,'22/12/2025'),(107,5,263,'22/12/2025'),(107,6,202,'22/12/2025'),(108,1,92,'12/10/2025'),(108,2,176,'12/10/2025'),(108,3,100,'12/10/2025'),(108,4,176,'12/10/2025'),(108,5,198,'12/10/2025'),(108,6,204,'12/10/2025'),(109,1,198,NULL),(109,2,215,NULL),(109,3,176,NULL),(109,4,200,NULL),(109,5,108,NULL),(109,6,92,NULL),(110,1,155,NULL),(110,2,172,NULL),(110,3,198,NULL),(110,4,210,NULL),(110,5,115,NULL),(110,6,193,NULL),(111,1,80,'12/11/2025'),(111,2,90,'12/11/2025'),(111,3,102,'12/11/2025'),(111,4,145,'12/11/2025'),(111,5,112,'12/11/2025'),(111,6,77,'12/11/2025'),(112,1,102,'29/12/2025'),(112,2,179,'29/12/2025'),(112,3,250,'29/12/2025'),(112,4,210,'29/12/2025'),(112,5,100,'29/12/2025'),(112,6,199,'29/12/2025'),(113,1,145,NULL),(113,2,179,NULL),(113,3,200,NULL),(113,4,70,NULL),(113,5,145,NULL),(113,6,202,NULL),(114,1,179,'20/10/2025'),(114,2,210,'20/10/2025'),(114,3,198,'20/10/2025'),(114,4,145,'20/10/2025'),(114,5,210,'20/10/2025'),(114,6,177,'20/10/2025'),(115,1,215,'11/11/2025'),(115,2,193,'11/11/2025'),(115,3,92,'11/11/2025'),(115,4,145,'11/11/2025'),(115,5,190,'11/11/2025'),(115,6,176,'11/11/2025'),(116,1,189,'03/10/2025'),(116,2,210,'03/10/2025'),(116,3,200,'03/10/2025'),(116,4,100,'03/10/2025'),(116,5,92,'03/10/2025'),(116,6,179,'03/10/2025'),(117,1,92,'09/07/2025'),(117,2,118,'09/07/2025'),(117,3,210,'09/07/2025'),(117,4,176,'09/07/2025'),(117,5,119,'09/07/2025'),(117,6,69,'09/07/2025'),(118,1,100,'12/11/2024'),(118,2,93,'12/11/2024'),(118,3,210,'12/11/2024'),(118,4,206,'12/11/2024'),(118,5,178,'12/11/2024'),(118,6,189,'12/11/2024'),(119,1,146,'02/06/2024'),(119,2,192,'02/06/2024'),(119,3,103,'02/06/2024'),(119,4,113,'02/06/2024'),(119,5,80,'02/06/2024'),(119,6,70,'02/06/2024'),(120,1,265,'16/05/2024'),(120,2,210,'16/05/2024'),(120,3,175,'16/05/2024'),(120,4,275,'16/05/2024'),(120,5,220,'16/05/2024'),(120,6,200,'16/05/2024'),(121,1,190,'28/05/2024'),(121,2,214,'28/05/2024'),(121,3,160,'28/05/2024'),(121,4,70,'28/05/2024'),(121,5,115,'28/05/2024'),(121,6,145,'28/05/2024'),(122,1,200,'23/03/2024'),(122,2,80,'23/03/2024'),(122,3,220,'23/03/2024'),(122,4,193,'23/03/2024'),(122,5,154,'23/03/2024'),(122,6,176,'23/03/2024'),(123,1,175,'16/02/2024'),(123,2,92,'16/02/2024'),(123,3,210,'16/02/2024'),(123,4,70,'16/02/2024'),(123,5,232,'16/02/2024'),(123,6,192,'16/02/2024'),(124,1,195,'01/11/2023'),(124,2,112,'01/11/2023'),(124,3,132,'01/11/2023'),(124,4,226,'01/11/2023'),(124,5,210,'01/11/2023'),(124,6,190,'01/11/2023'),(125,1,83,'29/11/2023'),(125,2,187,'29/11/2023'),(125,3,165,'29/11/2023'),(125,4,128,'29/11/2023'),(125,5,71,'29/11/2023'),(125,6,146,'29/11/2023'),(126,1,130,'13/02/2024'),(126,2,193,'13/02/2024'),(126,3,81,'13/02/2024'),(126,4,141,'13/02/2024'),(126,5,156,'13/02/2024'),(126,6,200,'13/02/2024'),(127,1,70,'28/01/2024'),(127,2,60,'28/01/2024'),(127,3,149,'28/01/2024'),(127,4,131,'28/01/2024'),(127,5,112,'28/01/2024'),(127,6,98,'28/01/2024'),(128,1,65,NULL),(128,2,86,NULL),(128,3,116,NULL),(128,4,145,NULL),(128,5,101,NULL),(128,6,99,NULL),(129,1,82,NULL),(129,2,115,NULL),(129,3,142,NULL),(129,4,96,NULL),(129,5,50,NULL),(129,6,110,NULL),(130,1,115,NULL),(130,2,71,NULL),(130,3,93,NULL),(130,4,145,NULL),(130,5,112,NULL),(130,6,103,NULL),(131,1,80,NULL),(131,2,99,NULL),(131,3,115,NULL),(131,4,136,NULL),(131,5,92,NULL),(131,6,90,NULL),(132,1,160,NULL),(132,2,170,NULL),(132,3,132,NULL),(132,4,128,NULL),(132,5,200,NULL),(132,6,190,NULL),(133,1,140,NULL),(133,2,165,NULL),(133,3,155,NULL),(133,4,142,NULL),(133,5,80,NULL),(133,6,125,NULL),(134,1,60,NULL),(134,2,109,NULL),(134,3,115,NULL),(134,4,120,NULL),(134,5,88,NULL),(134,6,116,NULL),(135,1,77,NULL),(135,2,90,NULL),(135,3,111,NULL),(135,4,50,NULL),(135,5,90,NULL),(135,6,88,NULL),(136,1,94,NULL),(136,2,100,NULL),(136,3,112,NULL),(136,4,120,NULL),(136,5,118,NULL),(136,6,88,NULL),(137,1,90,NULL),(137,2,100,NULL),(137,3,123,NULL),(137,4,118,NULL),(137,5,79,NULL),(137,6,96,NULL),(138,1,90,NULL),(138,2,77,NULL),(138,3,110,NULL),(138,4,123,NULL),(138,5,100,NULL),(138,6,88,NULL),(139,1,90,NULL),(139,2,135,NULL),(139,3,80,NULL),(139,4,140,NULL),(139,5,136,NULL),(139,6,141,NULL),(140,1,80,NULL),(140,2,84,NULL),(140,3,100,NULL),(140,4,113,NULL),(140,5,92,NULL),(140,6,86,NULL),(141,1,70,NULL),(141,2,75,NULL),(141,3,80,NULL),(141,4,60,NULL),(141,5,71,NULL),(141,6,80,NULL),(142,1,85,NULL),(142,2,90,NULL),(142,3,100,NULL),(142,4,92,NULL),(142,5,84,NULL),(142,6,80,NULL),(143,1,110,NULL),(143,2,140,NULL),(143,3,123,NULL),(143,4,112,NULL),(143,5,100,NULL),(143,6,96,NULL),(144,1,77,NULL),(144,2,70,NULL),(144,3,105,NULL),(144,4,120,NULL),(144,5,130,NULL),(144,6,102,NULL),(145,1,100,NULL),(145,2,65,NULL),(145,3,89,NULL),(145,4,110,NULL),(145,5,87,NULL),(145,6,90,NULL);
/*!40000 ALTER TABLE `copiaemergencia_inventario` ENABLE KEYS */;
UNLOCK TABLES;

--
-- Table structure for table `detalles_orden_entrada`
--

DROP TABLE IF EXISTS `detalles_orden_entrada`;
/*!40101 SET @saved_cs_client     = @@character_set_client */;
/*!50503 SET character_set_client = utf8mb4 */;
CREATE TABLE `detalles_orden_entrada` (
  `ID_Detalle_Orden_Entrada` int NOT NULL,
  `ID_Orden_Entrada` int DEFAULT NULL,
  `ID_Producto` int DEFAULT NULL,
  `Cantidad_Recibida` int DEFAULT NULL,
  `Precio_Unitario` decimal(10,2) DEFAULT NULL,
  `ProveedorID` int DEFAULT NULL,
  `Fecha_Exp` datetime DEFAULT NULL,
  PRIMARY KEY (`ID_Detalle_Orden_Entrada`),
  KEY `ID_Orden_Entrada` (`ID_Orden_Entrada`),
  KEY `ID_Producto` (`ID_Producto`),
  CONSTRAINT `detalles_orden_entrada_ibfk_1` FOREIGN KEY (`ID_Orden_Entrada`) REFERENCES `ordenes_entrada` (`ID_Orden_Entrada`),
  CONSTRAINT `detalles_orden_entrada_ibfk_2` FOREIGN KEY (`ID_Producto`) REFERENCES `producto_detalle` (`ProductoID`)
) ENGINE=InnoDB DEFAULT CHARSET=utf8mb4 COLLATE=utf8mb4_0900_ai_ci;
/*!40101 SET character_set_client = @saved_cs_client */;

--
-- Dumping data for table `detalles_orden_entrada`
--

LOCK TABLES `detalles_orden_entrada` WRITE;
/*!40000 ALTER TABLE `detalles_orden_entrada` DISABLE KEYS */;
INSERT INTO `detalles_orden_entrada` VALUES (1,1,4,50,850.00,4,NULL),(2,1,34,175,20.00,2,NULL),(3,1,20,150,100.00,1,NULL),(4,2,108,250,200.00,12,NULL),(5,2,10,40,700.00,5,NULL),(6,3,12,200,80.00,9,NULL),(7,4,30,100,70.00,6,NULL),(8,5,75,150,450.00,9,NULL),(9,6,89,50,2300.00,11,NULL),(10,6,110,200,120.00,1,NULL),(11,7,97,350,70.00,5,NULL),(12,7,9,150,80.00,9,NULL),(13,7,45,200,65.00,1,NULL),(14,8,33,115,69.99,11,NULL),(15,9,15,40,1099.00,8,NULL),(16,9,78,120,350.00,8,NULL),(17,10,50,140,50.00,6,NULL),(18,10,23,230,39.99,6,NULL),(19,10,121,70,600.00,9,NULL),(20,11,25,200,65.49,9,NULL),(21,11,87,85,399.00,7,NULL),(22,12,61,145,36.99,12,NULL),(23,12,30,80,78.00,6,NULL),(24,12,99,135,185.00,4,NULL),(25,13,3,70,359.00,3,NULL),(26,14,7,145,399.99,7,NULL),(27,14,67,190,9.99,6,NULL),(28,14,2,35,900.00,2,NULL),(29,15,51,130,39.59,11,NULL),(30,15,34,175,20.00,2,NULL),(31,16,87,70,389.99,7,NULL),(32,16,20,470,109.49,1,NULL),(33,17,28,350,159.00,4,NULL),(34,17,62,160,48.99,4,NULL),(35,18,97,365,68.99,5,NULL),(36,18,133,133,1119.49,5,NULL),(37,19,107,340,20.00,3,NULL),(38,19,10,45,999.99,5,NULL),(39,19,1,210,149.00,1,NULL),(40,20,22,520,21.00,2,NULL),(41,21,82,120,450.00,12,NULL),(42,22,119,90,845.99,6,NULL),(43,22,70,135,31.49,12,NULL),(44,23,67,170,10.99,6,NULL),(45,24,32,200,80.00,9,NULL),(46,24,89,45,2719.99,11,NULL),(47,25,115,95,240.00,11,NULL),(48,26,6,70,289.00,6,NULL),(49,26,72,38,90.00,7,NULL),(50,27,44,140,35.49,2,NULL),(51,28,101,75,40.00,11,NULL),(52,29,23,105,35.00,6,NULL),(53,30,54,35,949.99,3,NULL),(54,30,130,80,1800.00,10,NULL),(55,31,98,120,430.00,7,NULL),(56,32,7,70,400.00,7,NULL),(57,33,76,35,319.60,5,NULL),(58,33,21,128,130.99,4,NULL),(59,34,41,150,100.00,8,NULL),(60,35,135,24,540.99,10,NULL),(61,35,11,7,1249.99,6,NULL),(62,36,80,130,475.00,4,NULL),(63,36,143,36,899.99,2,NULL),(64,37,3,22,320.00,3,NULL),(65,37,99,60,180.99,4,NULL),(66,38,55,60,40.00,9,NULL),(67,38,122,30,929.49,4,NULL),(68,39,15,10,750.00,8,NULL),(69,40,55,75,950.00,9,NULL),(70,41,65,65,800.00,12,NULL),(71,42,105,15,350.00,6,NULL),(72,43,108,25,450.00,12,NULL),(73,47,25,65,752.00,9,NULL),(74,47,68,35,900.00,7,NULL),(75,48,96,60,900.00,12,NULL),(76,48,80,90,400.00,4,NULL),(77,49,9,90,750.00,9,NULL),(78,49,15,15,980.00,8,NULL),(79,49,91,70,650.00,4,NULL),(80,51,12,750,980.00,9,NULL),(81,52,69,80,1500.00,3,'2026-08-30 00:00:00'),(82,52,65,25,789.00,12,'2026-06-12 00:00:00');
/*!40000 ALTER TABLE `detalles_orden_entrada` ENABLE KEYS */;
UNLOCK TABLES;

--
-- Table structure for table `detalles_orden_salida`
--

DROP TABLE IF EXISTS `detalles_orden_salida`;
/*!40101 SET @saved_cs_client     = @@character_set_client */;
/*!50503 SET character_set_client = utf8mb4 */;
CREATE TABLE `detalles_orden_salida` (
  `ID_Detalle_Orden_Salida` int NOT NULL,
  `ID_Orden_Salida` int DEFAULT NULL,
  `ID_Producto` int DEFAULT NULL,
  `Cantidad_Solicitada` int DEFAULT NULL,
  `SucursalID` int DEFAULT NULL,
  PRIMARY KEY (`ID_Detalle_Orden_Salida`),
  KEY `ID_Orden_Salida` (`ID_Orden_Salida`),
  KEY `ID_Producto` (`ID_Producto`),
  CONSTRAINT `detalles_orden_salida_ibfk_1` FOREIGN KEY (`ID_Orden_Salida`) REFERENCES `ordenes_salida` (`ID_Orden_Salida`),
  CONSTRAINT `detalles_orden_salida_ibfk_2` FOREIGN KEY (`ID_Producto`) REFERENCES `producto_detalle` (`ProductoID`)
) ENGINE=InnoDB DEFAULT CHARSET=utf8mb4 COLLATE=utf8mb4_0900_ai_ci;
/*!40101 SET character_set_client = @saved_cs_client */;

--
-- Dumping data for table `detalles_orden_salida`
--

LOCK TABLES `detalles_orden_salida` WRITE;
/*!40000 ALTER TABLE `detalles_orden_salida` DISABLE KEYS */;
INSERT INTO `detalles_orden_salida` VALUES (1,1,20,12,1),(2,1,40,100,5),(3,1,28,50,2),(4,2,6,35,3),(5,3,22,80,6),(6,3,21,70,4),(7,4,47,110,1),(8,4,33,45,2),(9,4,73,145,6),(10,5,75,30,3),(11,5,97,80,5),(12,6,48,50,4),(13,7,112,20,6),(14,7,4,7,1),(15,8,118,40,3),(16,9,109,80,5),(17,10,75,45,2),(18,10,62,100,4),(19,10,89,15,1),(20,11,117,75,2),(21,11,137,13,6),(22,12,1,32,3),(23,12,17,60,5),(24,13,15,4,4),(25,14,30,55,2),(26,14,64,75,1),(27,14,72,30,6),(28,15,80,90,5),(29,16,74,80,3),(30,16,93,45,4),(31,17,99,70,6),(32,17,100,45,5),(33,18,104,60,6),(34,18,11,4,1),(35,18,18,20,5),(36,18,122,65,3),(37,19,133,70,2),(38,19,111,15,4),(39,20,132,30,1),(40,21,9,40,6),(41,22,34,115,2),(42,22,45,175,5),(43,23,61,75,3),(44,23,56,45,4),(45,23,31,180,5),(46,24,123,30,3),(47,24,120,40,2),(48,25,50,60,1),(49,25,72,75,6),(50,25,94,25,3),(51,26,39,80,5),(52,27,12,45,4),(53,27,115,35,2),(54,28,37,130,1),(55,29,101,50,4),(56,30,55,45,2),(57,31,78,90,3),(58,32,6,35,6),(59,32,92,60,1),(60,33,120,25,5),(61,33,25,110,3),(62,34,43,48,2),(63,35,84,72,4),(64,36,13,95,1),(65,37,67,20,6),(66,38,144,30,2),(67,38,19,12,5),(68,39,130,46,3),(69,40,76,34,4),(70,40,99,105,1),(71,41,40,165,6),(72,41,118,70,5),(73,42,65,75,6),(74,42,89,16,6),(75,43,45,65,5),(76,43,65,69,5),(77,44,118,98,3),(78,44,112,60,3),(79,45,103,60,2),(80,45,99,50,2),(81,46,92,40,6),(82,46,26,50,6),(83,47,146,30,6),(84,48,17,50,6),(85,48,19,3,6),(86,49,91,50,2);
/*!40000 ALTER TABLE `detalles_orden_salida` ENABLE KEYS */;
UNLOCK TABLES;

--
-- Table structure for table `devoluciones`
--

DROP TABLE IF EXISTS `devoluciones`;
/*!40101 SET @saved_cs_client     = @@character_set_client */;
/*!50503 SET character_set_client = utf8mb4 */;
CREATE TABLE `devoluciones` (
  `DevolucionID` int NOT NULL,
  `Motivo` varchar(100) DEFAULT NULL,
  `ProductoID` int DEFAULT NULL,
  `CantidadDevuelta` int DEFAULT NULL,
  `Fecha_Devolucion` date DEFAULT NULL,
  `Estado` varchar(255) DEFAULT NULL,
  `ProveedorID` int DEFAULT NULL,
  PRIMARY KEY (`DevolucionID`),
  KEY `devoluciones_ibfk_1` (`ProveedorID`),
  KEY `devoluciones_ibfk_2` (`ProductoID`),
  CONSTRAINT `devoluciones_ibfk_1` FOREIGN KEY (`ProveedorID`) REFERENCES `proveedor` (`ProveedorID`) ON DELETE RESTRICT ON UPDATE RESTRICT,
  CONSTRAINT `devoluciones_ibfk_2` FOREIGN KEY (`ProductoID`) REFERENCES `producto_detalle` (`ProductoID`) ON DELETE RESTRICT ON UPDATE RESTRICT
) ENGINE=InnoDB DEFAULT CHARSET=utf8mb4 COLLATE=utf8mb4_0900_ai_ci;
/*!40101 SET character_set_client = @saved_cs_client */;

--
-- Dumping data for table `devoluciones`
--

LOCK TABLES `devoluciones` WRITE;
/*!40000 ALTER TABLE `devoluciones` DISABLE KEYS */;
INSERT INTO `devoluciones` VALUES (1,'Problema de suministro: Escasez de stock',34,100,'2023-01-26','Resuelta',1),(2,'Problema de suministro: Retraso en la entrega',95,40,'2023-02-05','Resuelta',4),(3,'Problema de suministro: Cantidad recibida incorrecta',23,35,'2023-02-13','Pendiente',5),(4,'Problema de suministro: Agotado',56,90,'2023-02-17','Pendiente',3),(5,'Problema de suministro: Problema de calidad del producto',110,35,'2023-02-20','Resuelta',4),(6,'Cambio de precio: Aumento del 10%',78,100,'2023-02-26','Pendiente',4),(7,'Cambio de precio: Aumento del 15%',12,170,'2023-02-28','Pendiente',12),(8,'Cambio de precio: Aumento del 20%',43,52,'2023-03-01','Resuelta',11),(9,'Calidad del producto: Tabletas quebradas',52,33,'2023-03-09','Resuelta',3),(10,'Calidad del producto: Empaque dañado',48,46,'2023-03-11','Pendiente',3),(11,'Calidad del producto: Envase dañado',61,30,'2023-03-13','Resuelta',9),(12,'Calidad del producto: Fecha de vencimiento cercana',68,84,'2023-03-16','Resuelta',7),(13,'Calidad del producto: Cápsulas abiertas',41,55,'2023-03-21','Pendiente',7),(14,'Cambio en los datos del producto: Actualización de descripción',89,13,'2023-03-24','Pendiente',2),(15,'Cambio en los datos del producto: Actualización de etiqueta',33,70,'2023-03-28','Resuelta',5),(16,'Cambio en los datos del producto: Actualización de fórmula',76,49,'2023-03-31','Pendiente',10),(17,'Cambio en los datos del producto: Actualización de dosis',56,78,'2023-04-03','Pendiente',2),(18,'Cambio en los datos del producto: Cambio de nombre',65,60,'2023-04-05','Resuelta',8),(19,'Calidad del producto: Contenido incompleto en el envase',55,15,'2023-04-09','Resuelta',6),(20,'Alergias no especificadas en el medicamento',44,40,'2023-04-13','Pendiente',2),(21,'Entrega tardía del producto',79,36,'2023-04-19','Resuelta',8),(22,'Calidad del producto: Dificultad de apertura del producto',81,49,'2023-04-24','Resuelta',9),(23,'Calidad del producto: Instrucciones incompletas',30,5,'2023-05-02','Resuelta',2),(24,'Producto entregado en dirección errónea',18,80,'2023-05-09','Resuelta',11),(25,'Problema de suministro: Pedidos duplicados',20,75,'2023-05-16','Pendiente',10),(26,'Calidad del producto: No cumple con las especificaciones requeridas',91,30,'2023-05-28','Pendiente',1),(27,'Calidad del producto: Dosificación o error de fabricación',90,12,'2023-05-30','Pendiente',1),(28,'No cumple el producto con la preescripción médica',63,50,'2023-06-06','Resuelta',3),(29,'El producto que se entrego no fue el solicitado',50,60,'2023-06-20','Resuelta',6),(30,'Calidad del producto: Producto contaminado',45,46,'2023-06-27','Pendiente',2);
/*!40000 ALTER TABLE `devoluciones` ENABLE KEYS */;
UNLOCK TABLES;

--
-- Table structure for table `empleado`
--

DROP TABLE IF EXISTS `empleado`;
/*!40101 SET @saved_cs_client     = @@character_set_client */;
/*!50503 SET character_set_client = utf8mb4 */;
CREATE TABLE `empleado` (
  `EmpleadoID` int NOT NULL,
  `Nombre` varchar(50) DEFAULT NULL,
  `Direccion` varchar(50) DEFAULT NULL,
  `SucursalID` int DEFAULT NULL,
  `Genero` char(1) DEFAULT NULL,
  `Telefono` varchar(13) DEFAULT NULL,
  PRIMARY KEY (`EmpleadoID`),
  KEY `SucursalID` (`SucursalID`),
  CONSTRAINT `empleado_ibfk_1` FOREIGN KEY (`SucursalID`) REFERENCES `sucursal` (`SucursalID`)
) ENGINE=InnoDB DEFAULT CHARSET=utf8mb4 COLLATE=utf8mb4_0900_ai_ci;
/*!40101 SET character_set_client = @saved_cs_client */;

--
-- Dumping data for table `empleado`
--

LOCK TABLES `empleado` WRITE;
/*!40000 ALTER TABLE `empleado` DISABLE KEYS */;
/*!40000 ALTER TABLE `empleado` ENABLE KEYS */;
UNLOCK TABLES;

--
-- Table structure for table `inventario`
--

DROP TABLE IF EXISTS `inventario`;
/*!40101 SET @saved_cs_client     = @@character_set_client */;
/*!50503 SET character_set_client = utf8mb4 */;
CREATE TABLE `inventario` (
  `ProductoID` int DEFAULT NULL,
  `SucursalID` int DEFAULT NULL,
  `Existencia` int DEFAULT NULL,
  `FechaExp` text,
  KEY `FK_Producto_Detalle` (`ProductoID`),
  KEY `FK_Sucursal` (`SucursalID`),
  CONSTRAINT `FK_Producto_Detalle` FOREIGN KEY (`ProductoID`) REFERENCES `producto_detalle` (`ProductoID`),
  CONSTRAINT `FK_Sucursal` FOREIGN KEY (`SucursalID`) REFERENCES `sucursal` (`SucursalID`)
) ENGINE=InnoDB DEFAULT CHARSET=utf8mb4 COLLATE=utf8mb4_0900_ai_ci;
/*!40101 SET character_set_client = @saved_cs_client */;

--
-- Dumping data for table `inventario`
--

LOCK TABLES `inventario` WRITE;
/*!40000 ALTER TABLE `inventario` DISABLE KEYS */;
INSERT INTO `inventario` VALUES (1,1,46,NULL),(1,2,19,NULL),(1,3,39,NULL),(1,4,3,NULL),(1,5,6,NULL),(1,6,0,NULL),(2,1,33,NULL),(2,2,43,NULL),(2,3,15,NULL),(2,4,28,NULL),(2,5,50,NULL),(2,6,28,NULL),(3,1,46,NULL),(3,2,41,NULL),(3,3,48,NULL),(3,4,50,NULL),(3,5,43,NULL),(3,6,40,NULL),(4,1,28,NULL),(4,2,29,NULL),(4,3,22,NULL),(4,4,16,NULL),(4,5,33,NULL),(4,6,49,NULL),(5,1,27,NULL),(5,2,28,NULL),(5,3,30,NULL),(5,4,16,NULL),(5,5,24,NULL),(5,6,38,NULL),(6,1,36,'2024-02-02'),(6,2,38,'2023-09-06'),(6,3,40,'2023-12-22'),(6,4,29,'2023-12-01'),(6,5,27,'2023-12-01'),(6,6,28,'2023-12-01'),(7,1,17,NULL),(7,2,17,NULL),(7,3,17,NULL),(7,4,17,NULL),(7,5,17,NULL),(7,6,17,NULL),(8,1,36,'2023-11-06'),(8,2,29,'2023-11-06'),(8,3,35,'2023-08-30'),(8,4,38,'2023-11-06'),(8,5,48,'2023-11-06'),(8,6,29,'2023-11-06'),(9,1,37,NULL),(9,2,37,NULL),(9,3,38,NULL),(9,4,40,NULL),(9,5,48,NULL),(9,6,18,NULL),(10,1,15,NULL),(10,2,12,NULL),(10,3,4,NULL),(10,4,2,NULL),(10,5,11,NULL),(10,6,7,NULL),(11,1,6,NULL),(11,2,5,NULL),(11,3,12,NULL),(11,4,5,NULL),(11,5,4,NULL),(11,6,3,NULL),(12,1,6,NULL),(12,2,0,NULL),(12,3,9,NULL),(12,4,18,NULL),(12,5,29,NULL),(12,6,26,NULL),(13,1,17,NULL),(13,2,17,NULL),(13,3,17,NULL),(13,4,17,NULL),(13,5,17,NULL),(13,6,17,NULL),(14,1,7,'2025-06-25'),(14,2,8,'2025-06-25'),(14,3,9,'2023-10-16'),(14,4,10,'2025-06-25'),(14,5,27,'2025-06-25'),(14,6,18,'2025-06-25'),(15,1,28,NULL),(15,2,47,NULL),(15,3,1,NULL),(15,4,21,NULL),(15,5,76,NULL),(15,6,32,NULL),(16,1,4,'2024-12-16'),(16,2,3,'2023-08-21'),(16,3,2,'2024-12-16'),(16,4,0,'2024-12-16'),(16,5,5,'2024-12-16'),(16,6,4,'2024-12-16'),(17,1,77,'2024-08-22'),(17,2,79,'2024-08-22'),(17,3,76,'2023-09-09'),(17,4,74,'2024-08-22'),(17,5,65,'2024-08-22'),(17,6,53,'2024-08-22'),(18,1,17,NULL),(18,2,17,NULL),(18,3,17,NULL),(18,4,17,NULL),(18,5,17,NULL),(18,6,17,NULL),(19,1,0,'2024-11-30'),(19,2,1,'2024-11-30'),(19,3,9,'2024-11-30'),(19,4,2,'2024-11-30'),(19,5,6,'2024-11-30'),(19,6,2,'2023-10-04'),(20,1,40,'2023-10-12'),(20,2,48,'2023-11-22'),(20,3,30,'2023-11-29'),(20,4,29,'2024-01-08'),(20,5,37,'2024-02-18'),(20,6,39,'2023-12-28'),(21,1,43,'2024-01-06'),(21,2,45,'2024-01-06'),(21,3,47,'2024-01-06'),(21,4,45,'2024-01-06'),(21,5,35,'2023-08-23'),(21,6,33,'2024-01-06'),(22,1,17,NULL),(22,2,17,NULL),(22,3,17,NULL),(22,4,17,NULL),(22,5,17,NULL),(22,6,17,NULL),(23,1,32,'2024-02-13'),(23,2,28,'2024-02-13'),(23,3,26,'2024-02-13'),(23,4,24,'2023-09-21'),(23,5,16,'2024-02-13'),(23,6,54,'2024-02-13'),(24,1,27,'2023-12-11'),(24,2,35,'2023-12-11'),(24,3,33,'2023-12-11'),(24,4,31,'2023-12-11'),(24,5,17,'2023-12-11'),(24,6,0,'2023-10-16'),(25,1,87,'2023-11-16'),(25,2,77,'2023-07-27'),(25,3,78,'2023-11-16'),(25,4,75,'2023-11-16'),(25,5,65,'2023-11-16'),(25,6,50,'2023-11-16'),(26,1,33,'2024-02-02'),(26,2,21,'2023-12-30'),(26,3,10,'2023-12-30'),(26,4,44,'2023-09-16'),(26,5,10,'2023-12-30'),(26,6,27,'2023-12-30'),(27,1,34,'2024-01-11'),(27,2,26,'2024-01-11'),(27,3,22,'2024-01-11'),(27,4,32,'2024-01-11'),(27,5,33,'2023-07-31'),(27,6,10,'2024-01-11'),(28,1,35,'2024-01-18'),(28,2,34,'2024-01-18'),(28,3,44,'2024-01-18'),(28,4,47,'2024-01-18'),(28,5,5,'2024-01-18'),(28,6,44,'2024-01-18'),(29,1,22,'2024-01-19'),(29,2,24,'2023-08-10'),(29,3,23,'2024-01-19'),(29,4,22,'2024-01-19'),(29,5,18,'2024-01-19'),(29,6,14,'2024-01-19'),(30,1,17,NULL),(30,2,17,NULL),(30,3,17,NULL),(30,4,17,NULL),(30,5,17,NULL),(30,6,17,NULL),(31,1,31,'2023-10-14'),(31,2,21,'2023-12-25'),(31,3,43,'2023-12-29'),(31,4,46,'2024-11-08'),(31,5,1,'2024-02-28'),(31,6,44,'2024-01-28'),(32,1,79,'2024-02-03'),(32,2,76,'2024-02-03'),(32,3,11,'2024-02-03'),(32,4,87,'2024-02-03'),(32,5,97,'2024-02-03'),(32,6,78,'2023-08-25'),(33,1,10,'2023-09-07'),(33,2,1,'2023-11-25'),(33,3,65,'2023-11-29'),(33,4,33,'2024-12-08'),(33,5,33,'2024-01-28'),(33,6,27,'2024-12-28'),(34,1,36,'2023-09-29'),(34,2,27,'2023-12-15'),(34,3,26,'2023-12-29'),(34,4,11,'2024-03-08'),(34,5,27,'2024-02-28'),(34,6,28,'2024-05-28'),(35,1,4,'2024-01-24'),(35,2,1,'2024-01-24'),(35,3,33,'2024-01-24'),(35,4,32,'2024-01-24'),(35,5,7,'2023-08-23'),(35,6,10,'2024-01-24'),(36,1,2,'2024-02-16'),(36,2,3,'2024-02-16'),(36,3,33,'2024-02-16'),(36,4,32,'2023-07-28'),(36,5,7,'2024-02-16'),(36,6,10,'2024-02-16'),(37,1,32,'2023-11-14'),(37,2,31,'2023-11-14'),(37,3,30,'2023-11-14'),(37,4,21,'2023-11-14'),(37,5,23,'2023-09-02'),(37,6,32,'2023-11-14'),(38,1,7,'2023-09-15'),(38,2,11,'2023-11-12'),(38,3,1,'2023-11-14'),(38,4,6,'2024-06-17'),(38,5,8,'2024-05-14'),(38,6,7,'2024-04-16'),(39,1,17,NULL),(39,2,17,NULL),(39,3,17,NULL),(39,4,17,NULL),(39,5,17,NULL),(39,6,17,NULL),(40,1,17,'2023-10-10'),(40,2,7,'2023-11-12'),(40,3,6,'2023-12-19'),(40,4,7,'2024-05-25'),(40,5,5,'2024-08-14'),(40,6,18,'2023-12-16'),(41,1,17,NULL),(41,2,17,NULL),(41,3,17,NULL),(41,4,17,NULL),(41,5,17,NULL),(41,6,17,NULL),(42,1,23,'2023-12-07'),(42,2,1,'2023-12-07'),(42,3,10,'2023-12-07'),(42,4,33,'2023-12-07'),(42,5,25,'2023-12-07'),(42,6,22,'2023-10-08'),(43,1,23,'2024-02-19'),(43,2,12,'2024-02-19'),(43,3,1,'2024-02-19'),(43,4,1,'2024-02-19'),(43,5,0,'2024-02-19'),(43,6,1,'2023-08-18'),(44,1,34,'2023-12-30'),(44,2,43,'2023-10-07'),(44,3,34,'2023-12-30'),(44,4,36,'2023-12-30'),(44,5,46,'2023-12-30'),(44,6,46,'2023-12-30'),(45,1,25,'2024-02-26'),(45,2,25,'2024-02-26'),(45,3,26,'2024-02-26'),(45,4,29,'2024-02-26'),(45,5,28,'2024-02-26'),(45,6,35,'2024-02-26'),(46,1,33,'2023-10-16'),(46,2,32,'2024-03-11'),(46,3,27,'2024-03-11'),(46,4,27,'2024-03-11'),(46,5,22,'2024-03-11'),(46,6,10,'2024-03-11'),(47,1,46,'2023-12-26'),(47,2,37,'2023-12-26'),(47,3,32,'2023-12-26'),(47,4,37,'2023-12-26'),(47,5,21,'2023-12-26'),(47,6,38,'2023-09-29'),(48,1,18,'2023-09-17'),(48,2,19,'2024-06-02'),(48,3,16,'2024-06-02'),(48,4,15,'2024-06-02'),(48,5,11,'2024-06-02'),(48,6,17,'2024-06-02'),(49,1,57,'2024-01-20'),(49,2,66,'2024-01-20'),(49,3,59,'2024-01-20'),(49,4,56,'2024-01-20'),(49,5,17,'2023-08-16'),(49,6,32,'2024-01-20'),(50,1,38,'2024-01-14'),(50,2,44,'2024-01-14'),(50,3,33,'2024-01-14'),(50,4,23,'2023-08-19'),(50,5,43,'2024-01-14'),(50,6,47,'2024-01-14'),(51,1,27,'2024-02-10'),(51,2,29,'2023-09-23'),(51,3,30,'2024-02-10'),(51,4,24,'2024-02-10'),(51,5,26,'2024-02-10'),(51,6,19,'2024-02-10'),(52,1,36,'2023-11-18'),(52,2,35,'2023-11-18'),(52,3,29,'2023-11-18'),(52,4,49,'2023-11-18'),(52,5,39,'2023-10-11'),(52,6,45,'2023-11-18'),(53,1,26,'2023-08-16'),(53,2,27,'2024-04-12'),(53,3,29,'2024-04-12'),(53,4,41,'2024-04-12'),(53,5,40,'2024-04-12'),(53,6,38,'2024-04-12'),(54,1,17,NULL),(54,2,17,NULL),(54,3,17,NULL),(54,4,17,NULL),(54,5,17,NULL),(54,6,17,NULL),(55,1,18,'2024-01-25'),(55,2,26,'2024-01-25'),(55,3,21,'2023-09-27'),(55,4,29,'2024-01-25'),(55,5,35,'2024-01-25'),(55,6,50,'2024-01-25'),(56,1,7,'2024-02-26'),(56,2,5,'2024-02-26'),(56,3,6,'2024-02-26'),(56,4,8,'2024-02-26'),(56,5,3,'2024-02-26'),(56,6,0,'2023-10-18'),(57,1,36,'2023-12-28'),(57,2,38,'2023-12-28'),(57,3,48,'2023-08-05'),(57,4,16,'2023-12-28'),(57,5,27,'2023-12-28'),(57,6,29,'2023-12-28'),(58,1,23,'2024-03-06'),(58,2,27,'2024-03-06'),(58,3,17,'2024-03-06'),(58,4,18,'2023-08-24'),(58,5,26,'2024-03-06'),(58,6,16,'2024-03-06'),(59,1,2,'2024-01-16'),(59,2,1,'2024-01-16'),(59,3,11,'2024-01-16'),(59,4,17,'2024-01-16'),(59,5,8,'2023-09-25'),(59,6,0,'2024-01-16'),(60,1,1,'2024-06-02'),(60,2,1,'2024-06-02'),(60,3,6,'2023-08-28'),(60,4,2,'2024-06-02'),(60,5,0,'2024-06-02'),(60,6,4,'2024-06-02'),(61,1,18,'2024-05-12'),(61,2,17,'2024-05-12'),(61,3,1,'2024-05-12'),(61,4,21,'2024-05-12'),(61,5,21,'2023-10-07'),(61,6,11,'2024-05-12'),(62,1,32,'2023-12-12'),(62,2,33,'2023-10-08'),(62,3,34,'2023-12-12'),(62,4,45,'2023-12-12'),(62,5,36,'2023-12-12'),(62,6,33,'2023-12-12'),(63,1,17,NULL),(63,2,17,'2023-08-17'),(63,3,17,NULL),(63,4,17,NULL),(63,5,17,NULL),(63,6,17,NULL),(64,1,48,'2024-07-21'),(64,2,45,'2024-07-21'),(64,3,47,'2024-07-21'),(64,4,46,'2024-07-21'),(64,5,47,'2024-07-21'),(64,6,35,'2023-09-17'),(65,1,37,'2023-10-20'),(65,2,36,'2023-12-28'),(65,3,35,'2023-12-28'),(65,4,39,'2023-12-28'),(65,5,30,'2023-12-28'),(65,6,38,'2023-12-28'),(66,1,23,'2024-02-26'),(66,2,22,'2024-02-26'),(66,3,21,'2024-02-26'),(66,4,20,'2024-02-26'),(66,5,23,'2023-08-05'),(66,6,23,'2024-02-26'),(67,1,42,'2024-04-11'),(67,2,41,'2024-04-11'),(67,3,40,'2024-04-11'),(67,4,43,'2023-10-05'),(67,5,44,'2024-04-11'),(67,6,42,'2024-04-11'),(68,1,17,NULL),(68,2,17,NULL),(68,3,17,NULL),(68,4,17,NULL),(68,5,17,NULL),(68,6,17,NULL),(69,1,20,'2023-11-26'),(69,2,19,'2023-09-24'),(69,3,18,'2023-11-26'),(69,4,16,'2023-11-26'),(69,5,21,'2023-11-26'),(69,6,18,'2023-11-26'),(70,1,48,'2023-12-18'),(70,2,47,'2023-12-18'),(70,3,48,'2023-12-18'),(70,4,47,'2023-12-18'),(70,5,44,'2023-12-18'),(70,6,24,'2023-12-18'),(71,1,2,'2023-12-07'),(71,2,1,'2023-09-24'),(71,3,3,'2023-12-07'),(71,4,4,'2023-12-07'),(71,5,1,'2023-12-07'),(71,6,2,'2023-12-07'),(72,1,25,NULL),(72,2,16,NULL),(72,3,11,NULL),(72,4,18,NULL),(72,5,19,NULL),(72,6,21,NULL),(73,1,33,NULL),(73,2,32,NULL),(73,3,24,NULL),(73,4,34,NULL),(73,5,45,NULL),(73,6,36,NULL),(74,1,22,NULL),(74,2,23,NULL),(74,3,22,NULL),(74,4,21,NULL),(74,5,20,NULL),(74,6,22,NULL),(75,1,17,NULL),(75,2,17,NULL),(75,3,17,NULL),(75,4,17,NULL),(75,5,17,NULL),(75,6,17,NULL),(76,1,25,'2023-05-10'),(76,2,18,'2023-05-10'),(76,3,28,'2023-05-10'),(76,4,18,'2023-08-07'),(76,5,21,'2023-05-10'),(76,6,26,'2023-05-10'),(77,1,37,'2023-07-11'),(77,2,36,'2023-07-11'),(77,3,29,'2023-07-11'),(77,4,39,'2023-07-11'),(77,5,39,'2023-07-11'),(77,6,38,'2023-07-11'),(78,1,43,NULL),(78,2,44,NULL),(78,3,43,NULL),(78,4,42,NULL),(78,5,44,NULL),(78,6,46,NULL),(79,1,8,NULL),(79,2,9,NULL),(79,3,10,NULL),(79,4,0,NULL),(79,5,2,NULL),(79,6,10,NULL),(80,1,17,NULL),(80,2,17,NULL),(80,3,17,NULL),(80,4,17,NULL),(80,5,17,NULL),(80,6,17,'2023-08-06'),(81,1,27,'2025-07-01'),(81,2,19,'2025-07-01'),(81,3,21,'2025-07-01'),(81,4,26,'2025-07-01'),(81,5,28,'2025-07-01'),(81,6,30,'2025-07-01'),(82,1,28,'2024-12-10'),(82,2,30,'2024-12-10'),(82,3,26,'2024-12-10'),(82,4,21,'2023-08-13'),(82,5,26,'2024-12-10'),(82,6,36,'2024-12-10'),(83,1,48,'2024-10-11'),(83,2,46,'2024-10-11'),(83,3,47,'2024-10-11'),(83,4,49,'2024-10-11'),(83,5,48,'2024-10-11'),(83,6,46,'2024-10-11'),(84,1,17,NULL),(84,2,17,NULL),(84,3,17,NULL),(84,4,17,NULL),(84,5,17,NULL),(84,6,17,NULL),(85,1,37,'2024-11-27'),(85,2,46,'2024-11-27'),(85,3,47,'2024-11-27'),(85,4,48,'2024-11-27'),(85,5,46,'2023-07-29'),(85,6,43,'2024-11-27'),(86,1,46,'2024-12-25'),(86,2,47,'2024-12-25'),(86,3,47,'2024-12-25'),(86,4,44,'2024-12-25'),(86,5,43,'2024-12-25'),(86,6,42,'2024-12-25'),(87,1,47,NULL),(87,2,46,NULL),(87,3,48,NULL),(87,4,49,NULL),(87,5,50,NULL),(87,6,49,NULL),(88,1,17,NULL),(88,2,17,NULL),(88,3,17,NULL),(88,4,17,NULL),(88,5,17,NULL),(88,6,17,NULL),(89,1,26,NULL),(89,2,27,NULL),(89,3,18,NULL),(89,4,28,NULL),(89,5,30,NULL),(89,6,18,NULL),(90,1,47,NULL),(90,2,46,NULL),(90,3,48,NULL),(90,4,50,NULL),(90,5,49,NULL),(90,6,50,NULL),(91,1,17,NULL),(91,2,17,NULL),(91,3,17,NULL),(91,4,17,NULL),(91,5,17,NULL),(91,6,17,NULL),(92,1,36,'2024-09-16'),(92,2,35,'2024-09-16'),(92,3,38,'2024-09-16'),(92,4,29,'2023-09-18'),(92,5,35,'2024-09-16'),(92,6,36,'2024-09-16'),(93,1,27,'2024-08-07'),(93,2,29,'2024-08-07'),(93,3,26,'2024-08-07'),(93,4,46,'2024-08-07'),(93,5,43,'2024-08-07'),(93,6,29,'2024-08-07'),(94,1,1,'2024-10-14'),(94,2,2,'2024-10-14'),(94,3,2,'2023-09-12'),(94,4,1,'2024-10-14'),(94,5,2,'2024-10-14'),(94,6,3,'2024-10-14'),(95,1,8,'2025-02-28'),(95,2,42,'2025-02-28'),(95,3,18,'2025-02-28'),(95,4,23,'2025-02-28'),(95,5,42,'2025-02-28'),(95,6,47,'2025-02-28'),(96,1,17,NULL),(96,2,17,NULL),(96,3,17,NULL),(96,4,17,NULL),(96,5,17,NULL),(96,6,17,NULL),(97,1,13,'2025-07-12'),(97,2,44,'2025-07-12'),(97,3,35,'2025-07-12'),(97,4,17,'2023-09-05'),(97,5,21,'2025-07-12'),(97,6,29,'2025-07-12'),(98,1,8,'2025-07-10'),(98,2,37,'2025-07-10'),(98,3,34,'2023-09-19'),(98,4,56,'2025-07-10'),(98,5,47,'2025-07-10'),(98,6,40,'2025-07-10'),(99,1,46,'2025-10-10'),(99,2,21,'2025-10-10'),(99,3,3,'2025-10-10'),(99,4,42,'2025-10-10'),(99,5,47,'2025-10-10'),(99,6,21,'2025-10-10'),(100,1,22,'2025-12-11'),(100,2,53,'2025-12-11'),(100,3,3,'2023-09-08'),(100,4,23,'2025-12-11'),(100,5,5,'2025-12-11'),(100,6,27,'2025-12-11'),(101,1,28,'2023-12-10'),(101,2,48,'2023-12-10'),(101,3,7,'2023-12-10'),(101,4,13,'2023-12-10'),(101,5,33,'2023-12-10'),(101,6,23,'2023-12-10'),(102,1,17,NULL),(102,2,17,NULL),(102,3,17,NULL),(102,4,17,NULL),(102,5,17,NULL),(102,6,17,NULL),(103,1,35,'2024-05-17'),(103,2,13,'2024-05-17'),(103,3,44,'2024-05-17'),(103,4,7,'2024-05-17'),(103,5,17,'2024-05-17'),(103,6,22,'2024-05-17'),(104,1,17,NULL),(104,2,17,NULL),(104,3,17,NULL),(104,4,17,NULL),(104,5,17,NULL),(104,6,17,NULL),(105,1,27,'2025-02-13'),(105,2,1,'2025-02-13'),(105,3,22,'2025-02-13'),(105,4,33,'2025-02-13'),(105,5,6,'2025-02-13'),(105,6,37,'2025-02-13'),(106,1,13,NULL),(106,2,40,NULL),(106,3,47,NULL),(106,4,28,NULL),(106,5,22,NULL),(106,6,40,NULL),(107,1,22,'2025-12-22'),(107,2,55,'2025-12-22'),(107,3,23,'2025-12-22'),(107,4,40,'2025-12-22'),(107,5,40,'2025-12-22'),(107,6,21,'2023-10-01'),(108,1,25,'2025-10-12'),(108,2,47,'2025-10-12'),(108,3,17,'2025-10-12'),(108,4,47,'2025-10-12'),(108,5,25,'2025-10-12'),(108,6,19,'2023-09-07'),(109,1,25,NULL),(109,2,8,NULL),(109,3,47,NULL),(109,4,23,NULL),(109,5,9,NULL),(109,6,25,NULL),(110,1,32,NULL),(110,2,49,NULL),(110,3,25,NULL),(110,4,13,NULL),(110,5,2,NULL),(110,6,30,NULL),(111,1,17,NULL),(111,2,17,NULL),(111,3,17,NULL),(111,4,17,NULL),(111,5,17,NULL),(111,6,17,NULL),(112,1,15,'2025-12-29'),(112,2,44,'2025-12-29'),(112,3,27,'2025-12-29'),(112,4,13,'2025-12-29'),(112,5,17,'2025-12-29'),(112,6,24,'2025-12-29'),(113,1,22,NULL),(113,2,44,NULL),(113,3,23,NULL),(113,4,47,NULL),(113,5,22,NULL),(113,6,21,NULL),(114,1,44,'2025-10-20'),(114,2,13,'2025-10-20'),(114,3,25,'2025-10-20'),(114,4,22,'2025-10-20'),(114,5,13,'2025-10-20'),(114,6,46,'2025-10-20'),(115,1,8,'2025-11-11'),(115,2,30,'2025-11-11'),(115,3,25,'2023-09-20'),(115,4,22,'2025-11-11'),(115,5,33,'2025-11-11'),(115,6,47,'2025-11-11'),(116,1,34,'2025-10-03'),(116,2,13,'2025-10-03'),(116,3,23,'2023-09-26'),(116,4,17,'2025-10-03'),(116,5,25,'2025-10-03'),(116,6,44,'2025-10-03'),(117,1,17,NULL),(117,2,17,NULL),(117,3,17,NULL),(117,4,17,NULL),(117,5,17,NULL),(117,6,17,NULL),(118,1,17,'2024-11-12'),(118,2,24,'2024-11-12'),(118,3,13,'2023-09-17'),(118,4,17,'2024-11-12'),(118,5,45,'2024-11-12'),(118,6,34,'2024-11-12'),(119,1,23,'2024-06-02'),(119,2,31,'2024-06-02'),(119,3,14,'2024-06-02'),(119,4,4,'2024-06-02'),(119,5,37,'2024-06-02'),(119,6,47,'2024-06-02'),(120,1,42,'2024-05-16'),(120,2,13,'2024-05-16'),(120,3,48,'2024-05-16'),(120,4,52,'2024-05-16'),(120,5,3,'2024-05-16'),(120,6,23,'2024-05-16'),(121,1,33,'2024-05-28'),(121,2,9,'2024-05-28'),(121,3,37,'2024-05-28'),(121,4,47,'2024-05-28'),(121,5,2,'2024-05-28'),(121,6,22,'2024-05-28'),(122,1,17,NULL),(122,2,17,NULL),(122,3,17,NULL),(122,4,17,NULL),(122,5,17,NULL),(122,6,17,NULL),(123,1,48,'2024-02-16'),(123,2,25,'2024-02-16'),(123,3,13,'2024-02-16'),(123,4,47,'2023-09-09'),(123,5,9,'2024-02-16'),(123,6,31,'2024-02-16'),(124,1,28,'2023-11-01'),(124,2,5,'2023-11-01'),(124,3,9,'2023-11-01'),(124,4,3,'2023-11-01'),(124,5,13,'2023-11-01'),(124,6,33,'2023-11-01'),(125,1,34,'2023-11-29'),(125,2,36,'2023-11-29'),(125,3,42,'2023-10-11'),(125,4,5,'2023-11-29'),(125,5,46,'2023-11-29'),(125,6,23,'2023-11-29'),(126,1,7,'2024-02-13'),(126,2,30,'2024-02-13'),(126,3,36,'2024-02-13'),(126,4,18,'2024-02-13'),(126,5,33,'2024-02-13'),(126,6,23,'2024-02-13'),(127,1,47,'2024-01-28'),(127,2,43,'2024-01-28'),(127,3,26,'2024-01-28'),(127,4,8,'2023-08-11'),(127,5,5,'2024-01-28'),(127,6,19,'2024-01-28'),(128,1,17,NULL),(128,2,17,NULL),(128,3,17,NULL),(128,4,17,NULL),(128,5,17,NULL),(128,6,17,NULL),(129,1,35,NULL),(129,2,2,NULL),(129,3,19,NULL),(129,4,21,NULL),(129,5,33,NULL),(129,6,7,NULL),(130,1,2,NULL),(130,2,46,NULL),(130,3,24,NULL),(130,4,22,NULL),(130,5,5,NULL),(130,6,14,NULL),(131,1,17,NULL),(131,2,17,NULL),(131,3,17,NULL),(131,4,17,NULL),(131,5,17,NULL),(131,6,17,NULL),(132,1,37,NULL),(132,2,47,NULL),(132,3,9,NULL),(132,4,5,NULL),(132,5,23,NULL),(132,6,33,NULL),(133,1,17,NULL),(133,2,42,NULL),(133,3,32,NULL),(133,4,19,NULL),(133,5,37,NULL),(133,6,2,NULL),(134,1,43,NULL),(134,2,8,NULL),(134,3,2,NULL),(134,4,3,NULL),(134,5,29,NULL),(134,6,1,NULL),(135,1,40,NULL),(135,2,27,NULL),(135,3,6,NULL),(135,4,33,NULL),(135,5,27,NULL),(135,6,29,NULL),(136,1,23,NULL),(136,2,17,NULL),(136,3,5,NULL),(136,4,3,NULL),(136,5,1,NULL),(136,6,29,NULL),(137,1,17,NULL),(137,2,17,NULL),(137,3,17,NULL),(137,4,17,NULL),(137,5,17,NULL),(137,6,17,NULL),(138,1,27,NULL),(138,2,40,NULL),(138,3,7,NULL),(138,4,0,NULL),(138,5,17,NULL),(138,6,29,NULL),(139,1,27,NULL),(139,2,12,NULL),(139,3,37,NULL),(139,4,17,NULL),(139,5,13,NULL),(139,6,18,NULL),(140,1,37,NULL),(140,2,33,NULL),(140,3,17,NULL),(140,4,4,NULL),(140,5,25,NULL),(140,6,31,NULL),(141,1,47,NULL),(141,2,42,NULL),(141,3,37,NULL),(141,4,43,NULL),(141,5,46,NULL),(141,6,37,NULL),(142,1,32,NULL),(142,2,27,NULL),(142,3,17,NULL),(142,4,25,NULL),(142,5,33,NULL),(142,6,37,NULL),(143,1,17,NULL),(143,2,17,NULL),(143,3,17,NULL),(143,4,17,NULL),(143,5,17,NULL),(143,6,17,NULL),(144,1,40,NULL),(144,2,47,NULL),(144,3,12,NULL),(144,4,3,NULL),(144,5,7,NULL),(144,6,15,NULL),(145,1,17,NULL),(145,2,48,NULL),(145,3,28,NULL),(145,4,7,NULL),(145,5,30,NULL),(145,6,27,NULL),(146,6,27,'2023-10-31 00:00:00'),(147,1,27,'2025-08-31 00:00:00'),(148,5,33,'2023-11-30 00:00:00'),(12,5,527,'2026-08-29 00:00:00'),(69,6,37,'2026-08-30 00:00:00'),(65,6,8,'2026-06-12 00:00:00');
/*!40000 ALTER TABLE `inventario` ENABLE KEYS */;
UNLOCK TABLES;

--
-- Table structure for table `ordenes_entrada`
--

DROP TABLE IF EXISTS `ordenes_entrada`;
/*!40101 SET @saved_cs_client     = @@character_set_client */;
/*!50503 SET character_set_client = utf8mb4 */;
CREATE TABLE `ordenes_entrada` (
  `ID_Orden_Entrada` int NOT NULL,
  `Fecha_Hora` datetime DEFAULT NULL,
  `SucursalID` int DEFAULT NULL,
  PRIMARY KEY (`ID_Orden_Entrada`)
) ENGINE=InnoDB DEFAULT CHARSET=utf8mb4 COLLATE=utf8mb4_0900_ai_ci;
/*!40101 SET character_set_client = @saved_cs_client */;

--
-- Dumping data for table `ordenes_entrada`
--

LOCK TABLES `ordenes_entrada` WRITE;
/*!40000 ALTER TABLE `ordenes_entrada` DISABLE KEYS */;
INSERT INTO `ordenes_entrada` VALUES (1,'2023-06-29 09:00:00',1),(2,'2023-07-01 08:15:00',1),(3,'2023-07-02 13:14:00',1),(4,'2023-07-03 08:50:00',1),(5,'2023-07-04 10:20:00',2),(6,'2023-07-04 14:44:00',2),(7,'2023-07-05 14:20:00',2),(8,'2023-07-06 10:55:00',2),(9,'2023-07-06 15:12:00',2),(10,'2023-07-08 11:00:00',3),(11,'2023-07-09 10:00:00',1),(12,'2023-07-10 12:20:00',3),(13,'2023-07-10 15:00:00',3),(14,'2023-07-11 08:23:00',3),(15,'2023-07-11 09:45:00',3),(16,'2023-07-11 11:10:00',3),(17,'2023-07-11 13:50:00',4),(18,'2023-07-13 14:00:00',4),(19,'2023-07-14 12:15:00',4),(20,'2023-07-14 15:55:00',4),(21,'2023-07-15 11:02:00',5),(22,'2023-07-15 13:20:00',5),(23,'2023-07-15 14:40:00',5),(24,'2023-07-17 09:30:00',5),(25,'2023-07-17 12:00:00',5),(26,'2023-07-17 13:00:00',5),(27,'2023-07-17 14:30:00',5),(28,'2023-07-18 14:50:00',6),(29,'2023-07-18 15:20:00',6),(30,'2023-07-18 16:25:00',6),(31,'2023-07-20 13:10:00',6),(32,'2023-07-21 10:45:00',6),(33,'2023-07-21 15:20:00',6),(34,'2023-07-22 08:33:00',6),(35,'2023-07-24 08:50:00',1),(36,'2023-07-25 11:00:00',1),(37,'2023-07-26 08:06:00',1),(38,'2023-07-26 11:20:00',2),(39,'2023-08-09 00:00:00',1),(40,'2023-08-09 00:00:00',5),(41,'2023-08-09 00:00:00',5),(42,'2023-08-09 00:00:00',6),(43,'2023-08-09 00:00:00',6),(44,'2023-08-09 00:00:00',5),(45,'2023-08-09 00:00:00',5),(46,'2023-08-09 00:00:00',5),(47,'2023-08-09 00:00:00',3),(48,'2023-08-09 00:00:00',3),(49,'2023-08-09 00:00:00',0),(50,'2023-08-10 00:00:00',0),(51,'2023-08-11 00:00:00',5),(52,'2023-08-11 00:00:00',6);
/*!40000 ALTER TABLE `ordenes_entrada` ENABLE KEYS */;
UNLOCK TABLES;

--
-- Table structure for table `ordenes_salida`
--

DROP TABLE IF EXISTS `ordenes_salida`;
/*!40101 SET @saved_cs_client     = @@character_set_client */;
/*!50503 SET character_set_client = utf8mb4 */;
CREATE TABLE `ordenes_salida` (
  `ID_Orden_Salida` int NOT NULL,
  `Fecha_Hora` datetime DEFAULT NULL,
  PRIMARY KEY (`ID_Orden_Salida`)
) ENGINE=InnoDB DEFAULT CHARSET=utf8mb4 COLLATE=utf8mb4_0900_ai_ci;
/*!40101 SET character_set_client = @saved_cs_client */;

--
-- Dumping data for table `ordenes_salida`
--

LOCK TABLES `ordenes_salida` WRITE;
/*!40000 ALTER TABLE `ordenes_salida` DISABLE KEYS */;
INSERT INTO `ordenes_salida` VALUES (1,'2023-07-03 10:00:00'),(2,'2023-07-04 12:10:00'),(3,'2023-07-04 15:15:00'),(4,'2023-07-09 08:00:00'),(5,'2023-07-09 14:00:00'),(6,'2023-07-11 14:00:00'),(7,'2023-07-12 12:00:00'),(8,'2023-07-12 13:00:00'),(9,'2023-07-14 10:00:00'),(10,'2023-07-14 14:00:00'),(11,'2023-07-14 15:00:00'),(12,'2023-07-15 09:00:00'),(13,'2023-07-15 11:00:00'),(14,'2023-07-16 14:00:00'),(15,'2023-07-17 10:00:00'),(16,'2023-07-17 11:00:00'),(17,'2023-07-17 13:00:00'),(18,'2023-07-18 09:00:00'),(19,'2023-07-17 11:00:00'),(20,'2023-07-17 13:00:00'),(21,'2023-07-18 09:00:00'),(22,'2023-07-18 12:00:00'),(23,'2023-07-18 14:00:00'),(24,'2023-07-18 15:20:00'),(25,'2023-07-19 08:00:00'),(26,'2023-07-19 10:40:00'),(27,'2023-07-19 12:30:00'),(28,'2023-07-19 15:10:00'),(29,'2023-07-20 08:15:00'),(30,'2023-07-20 10:30:00'),(31,'2023-07-20 12:30:00'),(32,'2023-07-20 13:10:00'),(33,'2023-07-20 16:40:00'),(34,'2023-07-21 08:45:00'),(35,'2023-07-21 10:35:00'),(36,'2023-07-21 12:10:00'),(37,'2023-07-21 13:30:00'),(38,'2023-07-24 09:00:00'),(39,'2023-07-24 14:30:00'),(40,'2023-07-26 09:20:00'),(41,'2023-07-26 12:00:00'),(42,'2023-08-09 00:00:00'),(43,'2023-08-09 00:00:00'),(44,'2023-08-11 00:00:00'),(45,'2023-08-11 00:00:00'),(46,'2023-08-11 00:00:00'),(47,'2023-08-11 00:00:00'),(48,'2023-08-11 00:00:00'),(49,'2023-08-11 00:00:00');
/*!40000 ALTER TABLE `ordenes_salida` ENABLE KEYS */;
UNLOCK TABLES;

--
-- Table structure for table `producto_detalle`
--

DROP TABLE IF EXISTS `producto_detalle`;
/*!40101 SET @saved_cs_client     = @@character_set_client */;
/*!50503 SET character_set_client = utf8mb4 */;
CREATE TABLE `producto_detalle` (
  `ProductoID` int NOT NULL,
  `ProveedorID` int NOT NULL,
  `CategoriaID` int NOT NULL,
  `Nombre` varchar(255) NOT NULL,
  `Precio` float NOT NULL,
  `ExistenciaMinima` int NOT NULL,
  PRIMARY KEY (`ProductoID`)
) ENGINE=InnoDB DEFAULT CHARSET=utf8mb4 COLLATE=utf8mb4_0900_ai_ci;
/*!40101 SET character_set_client = @saved_cs_client */;

--
-- Dumping data for table `producto_detalle`
--

LOCK TABLES `producto_detalle` WRITE;
/*!40000 ALTER TABLE `producto_detalle` DISABLE KEYS */;
INSERT INTO `producto_detalle` VALUES (1,1,1,'Termómetro',180,100),(2,2,1,'Tensiómetro',1200,45),(3,3,1,'Glucómetro',400,70),(4,4,1,'Nebulizador',1000,40),(5,5,1,'Oxímetro',850,50),(6,6,1,'Inhalador',310,80),(7,7,1,'Parche anticonceptivo',450,70),(8,8,1,'Prueba rápida de embarazo',120,80),(9,9,1,'Audífono',120,80),(10,5,1,'Bastón',1200,20),(11,6,1,'Andador',1500,20),(12,9,1,'Mascarilla',120,100),(13,1,1,'Guantes',300,110),(14,7,1,'Jeringa',70,250),(15,8,1,'Muleta',1219.51,20),(16,11,1,'Agujas',800,300),(17,3,1,'Catéter',180,200),(18,2,1,'Sonda',190,120),(19,1,1,'Apósito',40,80),(20,1,2,'Paracetamol (acetaminofén) - 500 mg',386.01,180),(21,4,2,'Ibuprofeno - 200 mg',469.23,200),(22,2,2,'Aspirina - 81 mg',90,250),(23,6,2,'Naproxeno - 220 mg',135,150),(24,8,2,'Loratadina (antihistamínico) - 10 mg',321.93,300),(25,9,2,'Cetirizina (antihistamínico) - 10 mg',224.31,250),(26,11,2,'Ranitidina (antiácido) - 150 mg',143.64,150),(27,1,2,'Paracetamol (acetaminofén) - 500 mg',386.01,180),(28,4,2,'Ibuprofeno - 400 mg',541.23,200),(29,2,2,'Aspirina - 325 mg',165,250),(30,6,2,'Naproxeno - 440 mg',270,150),(31,8,2,'Loratadina (antihistamínico) - 30 mg',450.93,300),(32,9,2,'Cetirizina (antihistamínico) - 30 mg',284.31,250),(33,11,2,'Ranitidina (antiácido) - 250 mg',233.64,150),(34,2,2,'Omeprazol (inhibidor de la bomba de protones) - 20 mg',81.9,220),(35,3,2,'Simeticona (antiflatulento) - 125 mg',218.64,120),(36,4,2,'Metoclopramida (antiemético) - 10 mg',107.97,150),(37,4,2,'Loperamida (antidiarreico) - 2 mg',135,230),(38,2,2,'Bisacodilo (laxante) - 5 mg',266.64,100),(39,9,2,'Psyllium (fibra laxante) - 3.4 g',143.97,110),(40,3,2,'Vitamina C (ácido ascórbico) - 500 mg',383.97,250),(41,8,2,'Vitamina D (colecalciferol) - 400 IU',390,200),(42,11,2,'Hierro (suplemento) - 65 mg',299.97,220),(43,3,2,'Acetato de aluminio (antidiarreico)',182.4,180),(44,2,2,'Carbón activado (desintoxicante)',126.99,190),(45,1,2,'Suero oral (rehidratante)',210,250),(46,4,2,'Oximetazolina (descongestionante nasal) - 50 mcg',107.97,160),(47,2,2,'Acetaminofén + Codeína - 300 mg',287.01,240),(48,8,2,'Ibuprofeno + Codeína - 200 mg',345.45,280),(49,7,2,'Ketoprofeno - 50 mg',450,160),(50,6,2,'Diclofenaco - 25 mg',180,150),(51,11,2,'Naproxeno sódico - 220 mg',135,80),(52,1,2,'Meloxicam - 7.5 mg',136.11,80),(53,6,2,'Hidrocortisona (crema antiinflamatoria)',121.2,90),(54,3,2,'Peróxido de benzoilo (tratamiento del acné)',3297,70),(55,9,2,'Calamina (loción para la piel irritada)',152.64,90),(56,12,2,'Dextrometorfano (antitusivo) - 10 mg',105.66,110),(57,1,2,'Guaifenesina (expectorante) - 100 mg',75.99,50),(58,1,2,'Fenilefrina (descongestionante) - 2.5 mg',60.66,146),(59,11,2,'Fluticasona (corticosteroide nasal) - 50 mcg',92.31,115),(60,8,2,'Montelukast (antileucotrieno) - 10 mg',165,118),(61,12,2,'Beclometasona (inhalador para asma) - 50 mcg',152.7,205),(62,4,2,'Salbutamol (broncodilatador) - 100 mcg ',181.2,190),(63,7,2,'Prednisona (corticosteroide) - 5 mg',122.31,70),(64,8,2,'Insulina regular',107.97,175),(65,12,2,'Metformina (antidiabético) - 500 mg',451.32,80),(66,1,2,'Glibenclamida (antidiabético) - 2.5 mg',77.97,145),(67,6,2,'Glimepirida (antidiabético) - 1 mg',47.97,164),(68,7,2,'Atorvastatina (estatina para el colesterol) - 10 mg',60,132),(69,3,2,'Simvastatina (estatina para el colesterol) - 10 mg',150.66,97),(70,12,2,'Losartán (antagonista de los receptores de angiotensina) - 25 mg',122.07,175),(71,12,2,'Amlodipino (bloqueador de los canales de calcio) - 5 mg',105.6,115),(72,7,3,'Gasas',750,140),(73,11,3,'Algodón',549,190),(74,3,3,'Banditas',219,145),(75,9,3,'Alcohol',1800,100),(76,5,3,'Povidona yodada',1080,90),(77,2,3,'Suero fisiológico',1338,80),(78,8,3,'Esparadrapo',1140,165),(79,10,3,'Vendas de yeso',1326,130),(80,4,3,'Agua oxigenada',1560,170),(81,6,3,'Almohadillas de alcohol',1440,90),(82,12,3,'Cinta adhesiva médica',1560,150),(83,1,3,'Esponjas quirúrgicas',960,170),(84,7,3,'Soluciones antisépticas de clorhexidina',1950,122),(85,9,3,'Esparadrapo hipoalergénico',810,169),(86,3,3,'Bolsas de drenaje',2031,177),(87,7,6,'Básculas',450,70),(88,3,6,'Humidificadores',1999,60),(89,11,6,'Masajeadores',2999,90),(90,9,6,'Pulsioxímetros',2499,70),(91,4,6,'Termómetros infrarrojos',1750,120),(92,10,6,'Tiras reactivas',490,80),(93,6,6,'Aerosoles',1200,150),(94,8,6,'Antisépticos',1450,120),(95,2,6,'Botiquines',1350,130),(96,12,6,'Compresas frío-calor',750,132),(97,5,6,'Jeringas',91.5,145),(98,7,6,'Tiritas',456,160),(99,4,5,'Jabón de manos',624,110),(100,9,5,'Gel antibacterial',3924,175),(101,11,5,'Toallitas humedas',180,145),(102,2,5,'Papel higiénico',14364,190),(103,7,5,'Toallitas para bebés',16164,160),(104,10,5,'Tampones',240,165),(105,6,5,'Toallas femeninas',6084,170),(106,8,5,'Cepillo de dientes',6066,120),(107,3,5,'Pasta de dientes',9504,180),(108,12,5,'Enjuague bucal',648,122),(109,5,5,'Hilo dental',4284,146),(110,1,5,'Cepillos interdentales',2556,130),(111,10,5,'Desodorante para pies',4032,60),(112,7,5,'Champú',3744,133),(113,4,5,'Pañuelos de papel',2289,112),(114,9,5,'Crema para manos',5868,130),(115,11,5,'Espuma de afeitar',811.2,115),(116,2,5,'Gel exfoliante facial',3186,132),(117,7,5,'Quitaesmaltes',1620,100),(118,10,5,'Bloqueador solar',4860,136),(119,6,8,'Test de ovulación',950,100),(120,10,8,'Test de glucosa en sangre',1700,150),(121,9,8,'Test de colesterol',700,108),(122,4,8,'Test de alcoholemia',1000,120),(123,7,8,'Test de drogas',500,135),(124,11,8,'Test de VIH',599,162),(125,3,8,'Test de hepatitis B y C',400,113),(126,8,8,'Test de helicobacter pylori',300,125),(127,12,8,'Test de intolerancia alimentaria',250,90),(128,5,8,'Estetoscopio',300,80),(129,2,8,'Medidor de altura',1700,70),(130,10,8,'Medidor de grasa corporal',2100,90),(131,6,8,'Medidor de índice de masa corporal (IMC)',950,70),(132,9,8,'Medidor de ritmo cardíaco',400,122),(133,5,7,'Tubos de ensayo',1250,120),(134,8,7,'Cronómetros',450,80),(135,10,7,'Termómetos infrarrojos',600,70),(136,3,7,'Tiras de prueba',760,85),(137,6,7,'Microscopio',2418,75),(138,11,7,'Papeles indicadores de pH',516,83),(139,7,7,'Frascos cuentagotas',452,115),(140,9,7,'Cubreobjetos',565,76),(141,4,7,'Lámpara UV',2090,68),(142,12,7,'Placas de Elisa',1232,75),(143,2,7,'Tubos de PCR',1025,93),(144,10,7,'Bureta',1316,90),(145,5,7,'Placas de serología',956,80),(146,7,7,'Prueba',500,150),(147,5,5,'Maquina de afeitar electrica',1250,150),(148,3,5,'Protector Solar',1600,120),(149,7,5,'Gelatina para pelo',900,70);
/*!40000 ALTER TABLE `producto_detalle` ENABLE KEYS */;
UNLOCK TABLES;

--
-- Table structure for table `proveedor`
--

DROP TABLE IF EXISTS `proveedor`;
/*!40101 SET @saved_cs_client     = @@character_set_client */;
/*!50503 SET character_set_client = utf8mb4 */;
CREATE TABLE `proveedor` (
  `ProveedorID` int NOT NULL,
  `Nombre` varchar(50) DEFAULT NULL,
  `Direccion` varchar(50) DEFAULT NULL,
  `RTN` varchar(30) DEFAULT NULL,
  `Contacto` varchar(50) DEFAULT NULL,
  `Correo` varchar(50) DEFAULT NULL,
  PRIMARY KEY (`ProveedorID`)
) ENGINE=InnoDB DEFAULT CHARSET=utf8mb4 COLLATE=utf8mb4_0900_ai_ci;
/*!40101 SET character_set_client = @saved_cs_client */;

--
-- Dumping data for table `proveedor`
--

LOCK TABLES `proveedor` WRITE;
/*!40000 ALTER TABLE `proveedor` DISABLE KEYS */;
INSERT INTO `proveedor` VALUES (1,'IMLAB HONDURAS','San Pedro Sula, Cortes','05011992000298','+504 3292-4368','contacto@imlabhn.com'),(2,'MONSOL MEDICAL','Tegucigalpa, Francisco Morazan','08011997000154','+504 2550-5696','web@monsolmedical.com'),(3,'MEY-KO','San Pedro Sula, Cortes','05012002001167','+504 2280-1241','info@grupomeyko.hn'),(4,'ACME MEDICAL','San Pedro Sula, Cortes','05011990002341','+504 3452-3421','info@acmemedical.com'),(5,'ARMEDICAL','La Ceiba, Atlantida','01012004000190','+504 8861-3970','info@armedical.hn'),(6,'MEDITEK','Tegucigalpa, Francisco Morazan','08012000010230','+504 2269-9397','info@meditekhn.com'),(7,'MEDICOM','Tegucigalpa, Francisco Morazan','08011995000078','+504 9876-1232','contacto@medicom.hn'),(8,'HONDUMEDICAL','La Ceiba, Atlantida','01012005003290','+504 3582-3433','hondu@medicalhn.com'),(9,'MEDIPLUS','San Pedro Sula, Cortes','05011999000340','+504 2281-3243','contacto@mediplushn.com'),(10,'MEDIWORLD','Tegucigalpa, Francisco Morazan','08011998000197','+504 2551-4213','info@mediworld.com'),(11,'MEDITEC','San Pedro Sula, Cortes','05012001000257','+504 9912-2376','info@meditech.com'),(12,'TECHMEDS','San Pedro Sula, Cortes','05011998000645','+504 3512-7653','contacto@techmedshn.com'),(13,'HonduHealth','San Pedro Sula, Cortes','05011998000899','+504 8215-0509','honduheth@gmail.com');
/*!40000 ALTER TABLE `proveedor` ENABLE KEYS */;
UNLOCK TABLES;

--
-- Table structure for table `sucursal`
--

DROP TABLE IF EXISTS `sucursal`;
/*!40101 SET @saved_cs_client     = @@character_set_client */;
/*!50503 SET character_set_client = utf8mb4 */;
CREATE TABLE `sucursal` (
  `SucursalID` int NOT NULL,
  `Ciudad` varchar(50) DEFAULT NULL,
  PRIMARY KEY (`SucursalID`)
) ENGINE=InnoDB DEFAULT CHARSET=utf8mb4 COLLATE=utf8mb4_0900_ai_ci;
/*!40101 SET character_set_client = @saved_cs_client */;

--
-- Dumping data for table `sucursal`
--

LOCK TABLES `sucursal` WRITE;
/*!40000 ALTER TABLE `sucursal` DISABLE KEYS */;
INSERT INTO `sucursal` VALUES (1,'San Pedro Sula'),(2,'La Ceiba'),(3,'Santa Rosa de Copán'),(4,'Comayagua'),(5,'Tegucigalpa'),(6,'Choluteca');
/*!40000 ALTER TABLE `sucursal` ENABLE KEYS */;
UNLOCK TABLES;

--
-- Dumping routines for database 'medilink'
--
/*!50003 DROP PROCEDURE IF EXISTS `spAgregarCategoria` */;
/*!50003 SET @saved_cs_client      = @@character_set_client */ ;
/*!50003 SET @saved_cs_results     = @@character_set_results */ ;
/*!50003 SET @saved_col_connection = @@collation_connection */ ;
/*!50003 SET character_set_client  = utf8mb4 */ ;
/*!50003 SET character_set_results = utf8mb4 */ ;
/*!50003 SET collation_connection  = utf8mb4_0900_ai_ci */ ;
/*!50003 SET @saved_sql_mode       = @@sql_mode */ ;
/*!50003 SET sql_mode              = 'ONLY_FULL_GROUP_BY,STRICT_TRANS_TABLES,NO_ZERO_IN_DATE,NO_ZERO_DATE,ERROR_FOR_DIVISION_BY_ZERO,NO_ENGINE_SUBSTITUTION' */ ;
DELIMITER ;;
CREATE DEFINER=`root`@`localhost` PROCEDURE `spAgregarCategoria`(IN nombre VARCHAR(255))
BEGIN
    DECLARE categoria INT;
    SET categoria = IFNULL((SELECT MAX(CategoriaID) + 1 FROM categoria), 1);
    INSERT INTO categoria (CategoriaID, Nombre) VALUES (categoria, nombre);
END ;;
DELIMITER ;
/*!50003 SET sql_mode              = @saved_sql_mode */ ;
/*!50003 SET character_set_client  = @saved_cs_client */ ;
/*!50003 SET character_set_results = @saved_cs_results */ ;
/*!50003 SET collation_connection  = @saved_col_connection */ ;
/*!50003 DROP PROCEDURE IF EXISTS `spAgregarProductoDetalle` */;
/*!50003 SET @saved_cs_client      = @@character_set_client */ ;
/*!50003 SET @saved_cs_results     = @@character_set_results */ ;
/*!50003 SET @saved_col_connection = @@collation_connection */ ;
/*!50003 SET character_set_client  = utf8mb4 */ ;
/*!50003 SET character_set_results = utf8mb4 */ ;
/*!50003 SET collation_connection  = utf8mb4_0900_ai_ci */ ;
/*!50003 SET @saved_sql_mode       = @@sql_mode */ ;
/*!50003 SET sql_mode              = 'ONLY_FULL_GROUP_BY,STRICT_TRANS_TABLES,NO_ZERO_IN_DATE,NO_ZERO_DATE,ERROR_FOR_DIVISION_BY_ZERO,NO_ENGINE_SUBSTITUTION' */ ;
DELIMITER ;;
CREATE DEFINER=`root`@`localhost` PROCEDURE `spAgregarProductoDetalle`(IN proveedor int, categoria int, nombre VARCHAR(255), precio float, existenciaMinima int)
BEGIN
    DECLARE producto INT;
    SET producto = IFNULL((SELECT MAX(ProductoID) + 1 FROM producto_detalle), 1);
    INSERT INTO producto_detalle (ProductoID, ProveedorID, CategoriaID, Nombre, Precio, ExistenciaMinima) VALUES (producto, proveedor, categoria, nombre, precio, existenciaMinima);
END ;;
DELIMITER ;
/*!50003 SET sql_mode              = @saved_sql_mode */ ;
/*!50003 SET character_set_client  = @saved_cs_client */ ;
/*!50003 SET character_set_results = @saved_cs_results */ ;
/*!50003 SET collation_connection  = @saved_col_connection */ ;
/*!50003 DROP PROCEDURE IF EXISTS `spAgregarProductoInventario` */;
/*!50003 SET @saved_cs_client      = @@character_set_client */ ;
/*!50003 SET @saved_cs_results     = @@character_set_results */ ;
/*!50003 SET @saved_col_connection = @@collation_connection */ ;
/*!50003 SET character_set_client  = utf8mb4 */ ;
/*!50003 SET character_set_results = utf8mb4 */ ;
/*!50003 SET collation_connection  = utf8mb4_0900_ai_ci */ ;
/*!50003 SET @saved_sql_mode       = @@sql_mode */ ;
/*!50003 SET sql_mode              = 'ONLY_FULL_GROUP_BY,STRICT_TRANS_TABLES,NO_ZERO_IN_DATE,NO_ZERO_DATE,ERROR_FOR_DIVISION_BY_ZERO,NO_ENGINE_SUBSTITUTION' */ ;
DELIMITER ;;
CREATE DEFINER=`root`@`localhost` PROCEDURE `spAgregarProductoInventario`(IN proveedor int, categoria int, nombre VARCHAR(255), precio float, existenciaMinima int)
BEGIN
    DECLARE producto INT;
    SET producto = IFNULL((SELECT MAX(ProductoID) + 1 FROM producto_detalle), 1);
    INSERT INTO producto_detalle (ProductoID, ProveedorID, CategoriaID, Nombre, Precio, ExistenciaMinima) VALUES (producto, proveedor, categoria, nombre, precio, existenciaMinima);
END ;;
DELIMITER ;
/*!50003 SET sql_mode              = @saved_sql_mode */ ;
/*!50003 SET character_set_client  = @saved_cs_client */ ;
/*!50003 SET character_set_results = @saved_cs_results */ ;
/*!50003 SET collation_connection  = @saved_col_connection */ ;
/*!50003 DROP PROCEDURE IF EXISTS `spAgregarProveedor` */;
/*!50003 SET @saved_cs_client      = @@character_set_client */ ;
/*!50003 SET @saved_cs_results     = @@character_set_results */ ;
/*!50003 SET @saved_col_connection = @@collation_connection */ ;
/*!50003 SET character_set_client  = utf8mb4 */ ;
/*!50003 SET character_set_results = utf8mb4 */ ;
/*!50003 SET collation_connection  = utf8mb4_0900_ai_ci */ ;
/*!50003 SET @saved_sql_mode       = @@sql_mode */ ;
/*!50003 SET sql_mode              = 'ONLY_FULL_GROUP_BY,STRICT_TRANS_TABLES,NO_ZERO_IN_DATE,NO_ZERO_DATE,ERROR_FOR_DIVISION_BY_ZERO,NO_ENGINE_SUBSTITUTION' */ ;
DELIMITER ;;
CREATE DEFINER=`root`@`localhost` PROCEDURE `spAgregarProveedor`(IN nombre VARCHAR(255), direccion varchar(100), rtn varchar(30), contacto varchar(50), correo varchar(50))
BEGIN
    DECLARE proveedor INT;
    SET proveedor = IFNULL((SELECT MAX(ProveedorID) + 1 FROM proveedor), 1);
    INSERT INTO proveedor VALUES (proveedor, nombre, direccion, rtn, contacto, correo);
END ;;
DELIMITER ;
/*!50003 SET sql_mode              = @saved_sql_mode */ ;
/*!50003 SET character_set_client  = @saved_cs_client */ ;
/*!50003 SET character_set_results = @saved_cs_results */ ;
/*!50003 SET collation_connection  = @saved_col_connection */ ;
/*!50003 DROP PROCEDURE IF EXISTS `spAgregarSucursal` */;
/*!50003 SET @saved_cs_client      = @@character_set_client */ ;
/*!50003 SET @saved_cs_results     = @@character_set_results */ ;
/*!50003 SET @saved_col_connection = @@collation_connection */ ;
/*!50003 SET character_set_client  = utf8mb4 */ ;
/*!50003 SET character_set_results = utf8mb4 */ ;
/*!50003 SET collation_connection  = utf8mb4_0900_ai_ci */ ;
/*!50003 SET @saved_sql_mode       = @@sql_mode */ ;
/*!50003 SET sql_mode              = 'ONLY_FULL_GROUP_BY,STRICT_TRANS_TABLES,NO_ZERO_IN_DATE,NO_ZERO_DATE,ERROR_FOR_DIVISION_BY_ZERO,NO_ENGINE_SUBSTITUTION' */ ;
DELIMITER ;;
CREATE DEFINER=`root`@`localhost` PROCEDURE `spAgregarSucursal`(IN ciudad VARCHAR(255))
BEGIN
    DECLARE sucursal INT;
    SET sucursal = IFNULL((SELECT MAX(SucursalID) + 1 FROM sucursal), 1);
    INSERT INTO sucursal (SucursalID, Ciudad) VALUES (sucursal, Ciudad);
END ;;
DELIMITER ;
/*!50003 SET sql_mode              = @saved_sql_mode */ ;
/*!50003 SET character_set_client  = @saved_cs_client */ ;
/*!50003 SET character_set_results = @saved_cs_results */ ;
/*!50003 SET collation_connection  = @saved_col_connection */ ;
/*!50003 DROP PROCEDURE IF EXISTS `spExistenciasCategoria` */;
/*!50003 SET @saved_cs_client      = @@character_set_client */ ;
/*!50003 SET @saved_cs_results     = @@character_set_results */ ;
/*!50003 SET @saved_col_connection = @@collation_connection */ ;
/*!50003 SET character_set_client  = utf8mb4 */ ;
/*!50003 SET character_set_results = utf8mb4 */ ;
/*!50003 SET collation_connection  = utf8mb4_0900_ai_ci */ ;
/*!50003 SET @saved_sql_mode       = @@sql_mode */ ;
/*!50003 SET sql_mode              = 'ONLY_FULL_GROUP_BY,STRICT_TRANS_TABLES,NO_ZERO_IN_DATE,NO_ZERO_DATE,ERROR_FOR_DIVISION_BY_ZERO,NO_ENGINE_SUBSTITUTION' */ ;
DELIMITER ;;
CREATE DEFINER=`root`@`localhost` PROCEDURE `spExistenciasCategoria`(IN sucursal INT)
BEGIN
    SELECT
        c.CategoriaID,
        c.Nombre AS Categoria,
        SUM(i.Existencia) AS 'Existencia Actual',
        CASE
            WHEN c.CategoriaID IN (1, 6, 7, 8) THEN 'Unidad'
            WHEN c.CategoriaID IN (2, 3, 5) THEN 'Cajas'
        END AS 'Tipo Unidad'
    FROM
        Categoria AS c
    INNER JOIN
        producto_detalle AS pd ON c.CategoriaID = pd.CategoriaID
    INNER JOIN
        inventario AS i ON pd.ProductoID = i.ProductoID
    WHERE
        i.SucursalID = sucursal or sucursal = 0
    GROUP BY
        pd.CategoriaID
	order by SUM(i.Existencia);
END ;;
DELIMITER ;
/*!50003 SET sql_mode              = @saved_sql_mode */ ;
/*!50003 SET character_set_client  = @saved_cs_client */ ;
/*!50003 SET character_set_results = @saved_cs_results */ ;
/*!50003 SET collation_connection  = @saved_col_connection */ ;
/*!50003 DROP PROCEDURE IF EXISTS `spExistenciasCategoriaGrafico` */;
/*!50003 SET @saved_cs_client      = @@character_set_client */ ;
/*!50003 SET @saved_cs_results     = @@character_set_results */ ;
/*!50003 SET @saved_col_connection = @@collation_connection */ ;
/*!50003 SET character_set_client  = utf8mb4 */ ;
/*!50003 SET character_set_results = utf8mb4 */ ;
/*!50003 SET collation_connection  = utf8mb4_0900_ai_ci */ ;
/*!50003 SET @saved_sql_mode       = @@sql_mode */ ;
/*!50003 SET sql_mode              = 'ONLY_FULL_GROUP_BY,STRICT_TRANS_TABLES,NO_ZERO_IN_DATE,NO_ZERO_DATE,ERROR_FOR_DIVISION_BY_ZERO,NO_ENGINE_SUBSTITUTION' */ ;
DELIMITER ;;
CREATE DEFINER=`root`@`localhost` PROCEDURE `spExistenciasCategoriaGrafico`(IN sucursal INT)
BEGIN
    SELECT
        c.CategoriaID,
        c.Nombre AS Categoria,
        SUM(i.Existencia) AS 'Existencia Actual'
    FROM
        Categoria AS c
    INNER JOIN
        producto_detalle AS pd ON c.CategoriaID = pd.CategoriaID
    INNER JOIN
        inventario AS i ON pd.ProductoID = i.ProductoID
    WHERE
        i.SucursalID = sucursal or sucursal = 0
	Group by
        pd.CategoriaID;
END ;;
DELIMITER ;
/*!50003 SET sql_mode              = @saved_sql_mode */ ;
/*!50003 SET character_set_client  = @saved_cs_client */ ;
/*!50003 SET character_set_results = @saved_cs_results */ ;
/*!50003 SET collation_connection  = @saved_col_connection */ ;
/*!50003 DROP PROCEDURE IF EXISTS `spInsertarOrdenesEntrada` */;
/*!50003 SET @saved_cs_client      = @@character_set_client */ ;
/*!50003 SET @saved_cs_results     = @@character_set_results */ ;
/*!50003 SET @saved_col_connection = @@collation_connection */ ;
/*!50003 SET character_set_client  = utf8mb4 */ ;
/*!50003 SET character_set_results = utf8mb4 */ ;
/*!50003 SET collation_connection  = utf8mb4_0900_ai_ci */ ;
/*!50003 SET @saved_sql_mode       = @@sql_mode */ ;
/*!50003 SET sql_mode              = 'ONLY_FULL_GROUP_BY,STRICT_TRANS_TABLES,NO_ZERO_IN_DATE,NO_ZERO_DATE,ERROR_FOR_DIVISION_BY_ZERO,NO_ENGINE_SUBSTITUTION' */ ;
DELIMITER ;;
CREATE DEFINER=`root`@`localhost` PROCEDURE `spInsertarOrdenesEntrada`(IN sucursalID INT)
BEGIN
    DECLARE ordenEntradaID INT;
	DECLARE fecha_actual DATE;
    
    SELECT COALESCE(MAX(ID_Orden_Entrada) + 1, 1) INTO ordenEntradaID FROM ordenes_entrada;
    SET fecha_actual = CURDATE();
    
    INSERT INTO ordenes_entrada (ID_Orden_Entrada, Fecha_Hora, SucursalID) VALUES (ordenEntradaID, fecha_actual, sucursalID);
    
END ;;
DELIMITER ;
/*!50003 SET sql_mode              = @saved_sql_mode */ ;
/*!50003 SET character_set_client  = @saved_cs_client */ ;
/*!50003 SET character_set_results = @saved_cs_results */ ;
/*!50003 SET collation_connection  = @saved_col_connection */ ;
/*!50003 DROP PROCEDURE IF EXISTS `spInsertarOrdenesEntradaDetalles` */;
/*!50003 SET @saved_cs_client      = @@character_set_client */ ;
/*!50003 SET @saved_cs_results     = @@character_set_results */ ;
/*!50003 SET @saved_col_connection = @@collation_connection */ ;
/*!50003 SET character_set_client  = utf8mb4 */ ;
/*!50003 SET character_set_results = utf8mb4 */ ;
/*!50003 SET collation_connection  = utf8mb4_0900_ai_ci */ ;
/*!50003 SET @saved_sql_mode       = @@sql_mode */ ;
/*!50003 SET sql_mode              = 'ONLY_FULL_GROUP_BY,STRICT_TRANS_TABLES,NO_ZERO_IN_DATE,NO_ZERO_DATE,ERROR_FOR_DIVISION_BY_ZERO,NO_ENGINE_SUBSTITUTION' */ ;
DELIMITER ;;
CREATE DEFINER=`root`@`localhost` PROCEDURE `spInsertarOrdenesEntradaDetalles`(IN productoID INT, cantidadRecibida INT, precioUnitario FLOAT, proveedorID INT, sucursalID int, fechaExp datetime)
BEGIN
    DECLARE ordenEntradaID INT;
    DECLARE ID_DetalleOrdenEntradaID INT;
    
    SELECT COALESCE(MAX(ID_Orden_Entrada), 1) INTO ordenEntradaID FROM ordenes_entrada;
    SELECT COALESCE(MAX(ID_Detalle_Orden_Entrada) + 1, 1) INTO ID_DetalleOrdenEntradaID FROM detalles_orden_entrada;

    INSERT INTO detalles_orden_entrada (ID_Detalle_Orden_Entrada, ID_Orden_Entrada, ID_Producto, Cantidad_Recibida, Precio_Unitario, ProveedorID, Fecha_Exp) VALUES (ID_DetalleOrdenEntradaID, ordenEntradaID, productoID, cantidadRecibida, precioUnitario, proveedorID, fechaExp);
    insert into inventario (ProductoID, SucursalID, Existencia, FechaExp) values (productoID, sucursalID, cantidadRecibida, fechaExp);
END ;;
DELIMITER ;
/*!50003 SET sql_mode              = @saved_sql_mode */ ;
/*!50003 SET character_set_client  = @saved_cs_client */ ;
/*!50003 SET character_set_results = @saved_cs_results */ ;
/*!50003 SET collation_connection  = @saved_col_connection */ ;
/*!50003 DROP PROCEDURE IF EXISTS `spInsertarOrdenesSalidaDetalles` */;
/*!50003 SET @saved_cs_client      = @@character_set_client */ ;
/*!50003 SET @saved_cs_results     = @@character_set_results */ ;
/*!50003 SET @saved_col_connection = @@collation_connection */ ;
/*!50003 SET character_set_client  = utf8mb4 */ ;
/*!50003 SET character_set_results = utf8mb4 */ ;
/*!50003 SET collation_connection  = utf8mb4_0900_ai_ci */ ;
/*!50003 SET @saved_sql_mode       = @@sql_mode */ ;
/*!50003 SET sql_mode              = 'ONLY_FULL_GROUP_BY,STRICT_TRANS_TABLES,NO_ZERO_IN_DATE,NO_ZERO_DATE,ERROR_FOR_DIVISION_BY_ZERO,NO_ENGINE_SUBSTITUTION' */ ;
DELIMITER ;;
CREATE DEFINER=`root`@`localhost` PROCEDURE `spInsertarOrdenesSalidaDetalles`(IN productoID INT, cantidadSolicitada INT, sucursalID int)
BEGIN
    DECLARE ordenSalidaID INT;
    DECLARE ID_DetalleOrdenSalidaID INT;

    
    SELECT COALESCE(MAX(ID_Orden_Salida), 1) INTO ordenSalidaID FROM ordenes_salida;
    SELECT COALESCE(MAX(ID_Detalle_Orden_Salida) + 1, 1) INTO ID_DetalleOrdenSalidaID FROM detalles_orden_salida;

    INSERT INTO detalles_orden_salida (ID_Detalle_Orden_Salida, ID_Orden_Salida, ID_Producto, Cantidad_Solicitada, SucursalID) VALUES (ID_DetalleOrdenSalidaID, ordenSalidaID, productoID, cantidadSolicitada, sucursalID);
    
    update inventario set Existencia = Existencia - cantidadSolicitada where ProductoID = productoID and SucursalID = sucursalID;
END ;;
DELIMITER ;
/*!50003 SET sql_mode              = @saved_sql_mode */ ;
/*!50003 SET character_set_client  = @saved_cs_client */ ;
/*!50003 SET character_set_results = @saved_cs_results */ ;
/*!50003 SET collation_connection  = @saved_col_connection */ ;
/*!50003 DROP PROCEDURE IF EXISTS `spInsertarOrdenSalida` */;
/*!50003 SET @saved_cs_client      = @@character_set_client */ ;
/*!50003 SET @saved_cs_results     = @@character_set_results */ ;
/*!50003 SET @saved_col_connection = @@collation_connection */ ;
/*!50003 SET character_set_client  = utf8mb4 */ ;
/*!50003 SET character_set_results = utf8mb4 */ ;
/*!50003 SET collation_connection  = utf8mb4_0900_ai_ci */ ;
/*!50003 SET @saved_sql_mode       = @@sql_mode */ ;
/*!50003 SET sql_mode              = 'ONLY_FULL_GROUP_BY,STRICT_TRANS_TABLES,NO_ZERO_IN_DATE,NO_ZERO_DATE,ERROR_FOR_DIVISION_BY_ZERO,NO_ENGINE_SUBSTITUTION' */ ;
DELIMITER ;;
CREATE DEFINER=`root`@`localhost` PROCEDURE `spInsertarOrdenSalida`()
BEGIN
    DECLARE ordenSalidaID INT;
	DECLARE fecha_actual DATE;
    
    SELECT COALESCE(MAX(ID_Orden_Salida) + 1, 1) INTO ordenSalidaID FROM ordenes_salida;
    SET fecha_actual = CURDATE();
    
    INSERT INTO ordenes_Salida (ID_Orden_Salida, Fecha_Hora) VALUES (ordenSalidaID, fecha_actual);
    
END ;;
DELIMITER ;
/*!50003 SET sql_mode              = @saved_sql_mode */ ;
/*!50003 SET character_set_client  = @saved_cs_client */ ;
/*!50003 SET character_set_results = @saved_cs_results */ ;
/*!50003 SET collation_connection  = @saved_col_connection */ ;
/*!50003 DROP PROCEDURE IF EXISTS `spMostrarInventario` */;
/*!50003 SET @saved_cs_client      = @@character_set_client */ ;
/*!50003 SET @saved_cs_results     = @@character_set_results */ ;
/*!50003 SET @saved_col_connection = @@collation_connection */ ;
/*!50003 SET character_set_client  = utf8mb4 */ ;
/*!50003 SET character_set_results = utf8mb4 */ ;
/*!50003 SET collation_connection  = utf8mb4_0900_ai_ci */ ;
/*!50003 SET @saved_sql_mode       = @@sql_mode */ ;
/*!50003 SET sql_mode              = 'ONLY_FULL_GROUP_BY,STRICT_TRANS_TABLES,NO_ZERO_IN_DATE,NO_ZERO_DATE,ERROR_FOR_DIVISION_BY_ZERO,NO_ENGINE_SUBSTITUTION' */ ;
DELIMITER ;;
CREATE DEFINER=`root`@`localhost` PROCEDURE `spMostrarInventario`(in sucursal int)
begin
	select p.Nombre as Proveedor, pd.ProductoID, pd.Nombre as Producto, concat('L. ', pd.Precio) , i.Existencia, 
    CASE
            WHEN pd.categoriaID IN (1, 6, 7, 8) THEN 'Unidad'
            WHEN pd.categoriaID IN (2, 3, 5) THEN 'Cajas'
        END AS 'Tipo Unidad', i.FechaExp as 'Fecha de Expiracion'
	from producto_detalle as pd
	inner join inventario as i on pd.ProductoID = i.ProductoID 
	inner join proveedor as p on pd.ProveedorID = p.ProveedorID
	where i.sucursalID = sucursal or sucursal = 0;
END ;;
DELIMITER ;
/*!50003 SET sql_mode              = @saved_sql_mode */ ;
/*!50003 SET character_set_client  = @saved_cs_client */ ;
/*!50003 SET character_set_results = @saved_cs_results */ ;
/*!50003 SET collation_connection  = @saved_col_connection */ ;
/*!50003 DROP PROCEDURE IF EXISTS `spMostrarOrdenesEntrada` */;
/*!50003 SET @saved_cs_client      = @@character_set_client */ ;
/*!50003 SET @saved_cs_results     = @@character_set_results */ ;
/*!50003 SET @saved_col_connection = @@collation_connection */ ;
/*!50003 SET character_set_client  = utf8mb4 */ ;
/*!50003 SET character_set_results = utf8mb4 */ ;
/*!50003 SET collation_connection  = utf8mb4_0900_ai_ci */ ;
/*!50003 SET @saved_sql_mode       = @@sql_mode */ ;
/*!50003 SET sql_mode              = 'ONLY_FULL_GROUP_BY,STRICT_TRANS_TABLES,NO_ZERO_IN_DATE,NO_ZERO_DATE,ERROR_FOR_DIVISION_BY_ZERO,NO_ENGINE_SUBSTITUTION' */ ;
DELIMITER ;;
CREATE DEFINER=`root`@`localhost` PROCEDURE `spMostrarOrdenesEntrada`(IN sucursal int)
BEGIN
	select oe.ID_Orden_Entrada, pd.Nombre as Producto, doe.Cantidad_Recibida, doe.Precio_Unitario, oe.Fecha_Hora from ordenes_entrada as oe
    inner join detalles_orden_entrada as doe on oe.ID_Orden_Entrada = doe.ID_Orden_Entrada
    inner join producto_detalle as pd on doe.ID_Producto =  pd.ProductoID
    where oe.sucursalID = sucursal or sucursal = 0
    order by oe.Fecha_Hora DESC;
END ;;
DELIMITER ;
/*!50003 SET sql_mode              = @saved_sql_mode */ ;
/*!50003 SET character_set_client  = @saved_cs_client */ ;
/*!50003 SET character_set_results = @saved_cs_results */ ;
/*!50003 SET collation_connection  = @saved_col_connection */ ;
/*!50003 DROP PROCEDURE IF EXISTS `spMostrarOrdenesSalida` */;
/*!50003 SET @saved_cs_client      = @@character_set_client */ ;
/*!50003 SET @saved_cs_results     = @@character_set_results */ ;
/*!50003 SET @saved_col_connection = @@collation_connection */ ;
/*!50003 SET character_set_client  = utf8mb4 */ ;
/*!50003 SET character_set_results = utf8mb4 */ ;
/*!50003 SET collation_connection  = utf8mb4_0900_ai_ci */ ;
/*!50003 SET @saved_sql_mode       = @@sql_mode */ ;
/*!50003 SET sql_mode              = 'ONLY_FULL_GROUP_BY,STRICT_TRANS_TABLES,NO_ZERO_IN_DATE,NO_ZERO_DATE,ERROR_FOR_DIVISION_BY_ZERO,NO_ENGINE_SUBSTITUTION' */ ;
DELIMITER ;;
CREATE DEFINER=`root`@`localhost` PROCEDURE `spMostrarOrdenesSalida`(IN sucursal int)
BEGIN
	select os.ID_Orden_Salida, pd.Nombre as Producto, dos.Cantidad_Solicitada, pd.Precio, os.Fecha_Hora from ordenes_salida as os
    inner join detalles_orden_salida as dos on os.ID_Orden_Salida = dos.ID_Orden_Salida
    inner join producto_detalle as pd on dos.ID_Producto =  pd.ProductoID
    where dos.sucursalID = sucursal or sucursal = 0
    order by os.Fecha_Hora DESC;
END ;;
DELIMITER ;
/*!50003 SET sql_mode              = @saved_sql_mode */ ;
/*!50003 SET character_set_client  = @saved_cs_client */ ;
/*!50003 SET character_set_results = @saved_cs_results */ ;
/*!50003 SET collation_connection  = @saved_col_connection */ ;
/*!50003 DROP PROCEDURE IF EXISTS `spMostrarProveedores` */;
/*!50003 SET @saved_cs_client      = @@character_set_client */ ;
/*!50003 SET @saved_cs_results     = @@character_set_results */ ;
/*!50003 SET @saved_col_connection = @@collation_connection */ ;
/*!50003 SET character_set_client  = utf8mb4 */ ;
/*!50003 SET character_set_results = utf8mb4 */ ;
/*!50003 SET collation_connection  = utf8mb4_0900_ai_ci */ ;
/*!50003 SET @saved_sql_mode       = @@sql_mode */ ;
/*!50003 SET sql_mode              = 'ONLY_FULL_GROUP_BY,STRICT_TRANS_TABLES,NO_ZERO_IN_DATE,NO_ZERO_DATE,ERROR_FOR_DIVISION_BY_ZERO,NO_ENGINE_SUBSTITUTION' */ ;
DELIMITER ;;
CREATE DEFINER=`root`@`localhost` PROCEDURE `spMostrarProveedores`()
BEGIN
	select ProveedorID, Nombre, Direccion, RTN, Contacto, Correo from proveedor;
END ;;
DELIMITER ;
/*!50003 SET sql_mode              = @saved_sql_mode */ ;
/*!50003 SET character_set_client  = @saved_cs_client */ ;
/*!50003 SET character_set_results = @saved_cs_results */ ;
/*!50003 SET collation_connection  = @saved_col_connection */ ;
/*!50003 DROP PROCEDURE IF EXISTS `spProductosDistribuidos` */;
/*!50003 SET @saved_cs_client      = @@character_set_client */ ;
/*!50003 SET @saved_cs_results     = @@character_set_results */ ;
/*!50003 SET @saved_col_connection = @@collation_connection */ ;
/*!50003 SET character_set_client  = utf8mb4 */ ;
/*!50003 SET character_set_results = utf8mb4 */ ;
/*!50003 SET collation_connection  = utf8mb4_0900_ai_ci */ ;
/*!50003 SET @saved_sql_mode       = @@sql_mode */ ;
/*!50003 SET sql_mode              = 'ONLY_FULL_GROUP_BY,STRICT_TRANS_TABLES,NO_ZERO_IN_DATE,NO_ZERO_DATE,ERROR_FOR_DIVISION_BY_ZERO,NO_ENGINE_SUBSTITUTION' */ ;
DELIMITER ;;
CREATE DEFINER=`root`@`localhost` PROCEDURE `spProductosDistribuidos`()
BEGIN
    SELECT
        p.ProveedorID,
        p.Nombre,
        p.Direccion,
        p.Contacto,
        p.RTN,
        p.Correo,
        COUNT(pd.ProveedorID) AS 'Productos Distribuidos'
    FROM
        proveedor AS p
    INNER JOIN
        producto_detalle AS pd ON p.ProveedorID = pd.ProveedorID
    GROUP BY
        p.ProveedorID,
        p.Nombre,
        p.Direccion,
        p.Contacto,
        p.RTN,
        p.Correo
	order by
		p.Nombre;
END ;;
DELIMITER ;
/*!50003 SET sql_mode              = @saved_sql_mode */ ;
/*!50003 SET character_set_client  = @saved_cs_client */ ;
/*!50003 SET character_set_results = @saved_cs_results */ ;
/*!50003 SET collation_connection  = @saved_col_connection */ ;
/*!50003 DROP PROCEDURE IF EXISTS `spProductosProximosCaducar` */;
/*!50003 SET @saved_cs_client      = @@character_set_client */ ;
/*!50003 SET @saved_cs_results     = @@character_set_results */ ;
/*!50003 SET @saved_col_connection = @@collation_connection */ ;
/*!50003 SET character_set_client  = utf8mb4 */ ;
/*!50003 SET character_set_results = utf8mb4 */ ;
/*!50003 SET collation_connection  = utf8mb4_0900_ai_ci */ ;
/*!50003 SET @saved_sql_mode       = @@sql_mode */ ;
/*!50003 SET sql_mode              = 'ONLY_FULL_GROUP_BY,STRICT_TRANS_TABLES,NO_ZERO_IN_DATE,NO_ZERO_DATE,ERROR_FOR_DIVISION_BY_ZERO,NO_ENGINE_SUBSTITUTION' */ ;
DELIMITER ;;
CREATE DEFINER=`root`@`localhost` PROCEDURE `spProductosProximosCaducar`(IN sucursal INT)
BEGIN
    SELECT
        pd.Nombre AS Producto,
        i.FechaExp AS 'Fecha de Caducidad',
        DATEDIFF(i.FechaExp, CURDATE()) AS 'Dias Restantes',
        i.Existencia AS Cantidad,
        CASE pd.CategoriaID
            WHEN 1 THEN 'Unidad'
            WHEN 2 THEN 'Cajas'
            WHEN 3 THEN 'Cajas'
            WHEN 5 THEN 'Cajas'
            WHEN 6 THEN 'Unidad'
            WHEN 7 THEN 'Unidad'
            WHEN 8 THEN 'Unidad'
        END AS 'Tipo Unidad',
        c.Nombre AS Categoria,
        s.Ciudad as Sucursal,
        prv.Nombre AS Proveedor
    FROM
        producto_detalle AS pd
    INNER JOIN
        inventario AS i ON pd.productoID = i.productoID
    INNER JOIN
        categoria AS c ON pd.CategoriaID = c.CategoriaID
    INNER JOIN
        Sucursal AS s ON i.SucursalID = s.SucursalID
    INNER JOIN
        Proveedor AS prv ON pd.ProveedorID = prv.ProveedorID
    WHERE
        DATEDIFF(i.FechaExp, CURDATE()) BETWEEN 0 AND 90 AND (i.SucursalId = sucursal OR sucursal = 0)
	order by DATEDIFF(i.FechaExp, CURDATE());
END ;;
DELIMITER ;
/*!50003 SET sql_mode              = @saved_sql_mode */ ;
/*!50003 SET character_set_client  = @saved_cs_client */ ;
/*!50003 SET character_set_results = @saved_cs_results */ ;
/*!50003 SET collation_connection  = @saved_col_connection */ ;
/*!50003 DROP PROCEDURE IF EXISTS `spReporteDevoluciones` */;
/*!50003 SET @saved_cs_client      = @@character_set_client */ ;
/*!50003 SET @saved_cs_results     = @@character_set_results */ ;
/*!50003 SET @saved_col_connection = @@collation_connection */ ;
/*!50003 SET character_set_client  = utf8mb4 */ ;
/*!50003 SET character_set_results = utf8mb4 */ ;
/*!50003 SET collation_connection  = utf8mb4_0900_ai_ci */ ;
/*!50003 SET @saved_sql_mode       = @@sql_mode */ ;
/*!50003 SET sql_mode              = 'ONLY_FULL_GROUP_BY,STRICT_TRANS_TABLES,NO_ZERO_IN_DATE,NO_ZERO_DATE,ERROR_FOR_DIVISION_BY_ZERO,NO_ENGINE_SUBSTITUTION' */ ;
DELIMITER ;;
CREATE DEFINER=`root`@`localhost` PROCEDURE `spReporteDevoluciones`()
BEGIN
    SELECT 
        d.ProductoID,
        pd.Nombre AS 'Nombre del producto',
        CONCAT('L. ', pd.precio) AS 'Precio Unitario',
        d.CantidadDevuelta as 'Cantidad Devuelta',
		CASE
            WHEN pd.categoriaID IN (1, 6, 7, 8) THEN 'Unidad'
            WHEN pd.categoriaID IN (2, 3, 5) THEN 'Cajas'
        END AS 'Tipo Unidad',
        d.Motivo AS 'Motivo Devolución',
        d.Fecha_Devolucion AS 'Fecha de Devolución',
        d.Estado AS 'Estado de Devolución',
        d.ProveedorID  
    FROM
        devoluciones AS d
    INNER JOIN
        producto_detalle AS pd ON d.ProductoID = pd.ProductoID
	Order by d.Fecha_Devolucion;
END ;;
DELIMITER ;
/*!50003 SET sql_mode              = @saved_sql_mode */ ;
/*!50003 SET character_set_client  = @saved_cs_client */ ;
/*!50003 SET character_set_results = @saved_cs_results */ ;
/*!50003 SET collation_connection  = @saved_col_connection */ ;
/*!50003 DROP PROCEDURE IF EXISTS `spSalidaInventario` */;
/*!50003 SET @saved_cs_client      = @@character_set_client */ ;
/*!50003 SET @saved_cs_results     = @@character_set_results */ ;
/*!50003 SET @saved_col_connection = @@collation_connection */ ;
/*!50003 SET character_set_client  = utf8mb4 */ ;
/*!50003 SET character_set_results = utf8mb4 */ ;
/*!50003 SET collation_connection  = utf8mb4_0900_ai_ci */ ;
/*!50003 SET @saved_sql_mode       = @@sql_mode */ ;
/*!50003 SET sql_mode              = 'ONLY_FULL_GROUP_BY,STRICT_TRANS_TABLES,NO_ZERO_IN_DATE,NO_ZERO_DATE,ERROR_FOR_DIVISION_BY_ZERO,NO_ENGINE_SUBSTITUTION' */ ;
DELIMITER ;;
CREATE DEFINER=`root`@`localhost` PROCEDURE `spSalidaInventario`(IN fecha_inicio datetime, IN fecha_final datetime, IN sucursal int)
BEGIN
    SELECT
        pd.Nombre AS 'Nombre del Producto',
        dos.Cantidad_Solicitada AS 'Cantidad',
        CASE
            WHEN pd.categoriaID IN (1, 6, 7, 8) THEN 'Unidad'
            WHEN pd.categoriaID IN (2, 3, 5) THEN 'Cajas'
        END AS 'Tipo Unidad',
        CONCAT('L. ', pd.precio) AS 'Precio Unitario',
        CONCAT('L. ', ROUND(dos.Cantidad_Solicitada * pd.Precio, 2)) AS 'Precio Total',
        DATE_FORMAT(os.Fecha_Hora, '%d/%m/%Y') as 'Fecha de salida'
    FROM
        producto_detalle AS pd
    INNER JOIN
        detalles_orden_salida AS dos ON pd.ProductoID = dos.ID_Producto
    INNER JOIN
        ordenes_salida AS os ON dos.ID_Orden_Salida = os.ID_Orden_Salida
    WHERE
        (os.Fecha_Hora BETWEEN fecha_inicio AND fecha_final) and (dos.SucursalID = sucursal or sucursal = 0);
END ;;
DELIMITER ;
/*!50003 SET sql_mode              = @saved_sql_mode */ ;
/*!50003 SET character_set_client  = @saved_cs_client */ ;
/*!50003 SET character_set_results = @saved_cs_results */ ;
/*!50003 SET collation_connection  = @saved_col_connection */ ;
/*!50003 DROP PROCEDURE IF EXISTS `spSalidaInventarioGrafica` */;
/*!50003 SET @saved_cs_client      = @@character_set_client */ ;
/*!50003 SET @saved_cs_results     = @@character_set_results */ ;
/*!50003 SET @saved_col_connection = @@collation_connection */ ;
/*!50003 SET character_set_client  = utf8mb4 */ ;
/*!50003 SET character_set_results = utf8mb4 */ ;
/*!50003 SET collation_connection  = utf8mb4_0900_ai_ci */ ;
/*!50003 SET @saved_sql_mode       = @@sql_mode */ ;
/*!50003 SET sql_mode              = 'ONLY_FULL_GROUP_BY,STRICT_TRANS_TABLES,NO_ZERO_IN_DATE,NO_ZERO_DATE,ERROR_FOR_DIVISION_BY_ZERO,NO_ENGINE_SUBSTITUTION' */ ;
DELIMITER ;;
CREATE DEFINER=`root`@`localhost` PROCEDURE `spSalidaInventarioGrafica`(IN fecha_inicio datetime, IN fecha_final datetime, IN sucursal int)
BEGIN
    SELECT
        pd.Nombre AS 'Nombre del Producto',
        dos.Cantidad_Solicitada AS 'Cantidad',
        CASE
            WHEN pd.categoriaID IN (1, 6, 7, 8) THEN 'Unidad'
            WHEN pd.categoriaID IN (2, 3, 5) THEN 'Cajas'
        END AS 'Tipo Unidad',
        pd.precio AS 'Precio Unitario',
        ROUND(dos.Cantidad_Solicitada * pd.Precio, 2) AS 'Precio Total',
        DATE_FORMAT(os.Fecha_Hora, '%d/%m/%Y') as 'Fecha de salida'
    FROM
        producto_detalle AS pd
    INNER JOIN
        detalles_orden_salida AS dos ON pd.ProductoID = dos.ID_Producto
    INNER JOIN
        ordenes_salida AS os ON dos.ID_Orden_Salida = os.ID_Orden_Salida
    WHERE
        (os.Fecha_Hora BETWEEN fecha_inicio AND fecha_final) and (dos.SucursalID = sucursal or sucursal = 0);
END ;;
DELIMITER ;
/*!50003 SET sql_mode              = @saved_sql_mode */ ;
/*!50003 SET character_set_client  = @saved_cs_client */ ;
/*!50003 SET character_set_results = @saved_cs_results */ ;
/*!50003 SET collation_connection  = @saved_col_connection */ ;
/*!50003 DROP PROCEDURE IF EXISTS `spStockMinimo` */;
/*!50003 SET @saved_cs_client      = @@character_set_client */ ;
/*!50003 SET @saved_cs_results     = @@character_set_results */ ;
/*!50003 SET @saved_col_connection = @@collation_connection */ ;
/*!50003 SET character_set_client  = utf8mb4 */ ;
/*!50003 SET character_set_results = utf8mb4 */ ;
/*!50003 SET collation_connection  = utf8mb4_0900_ai_ci */ ;
/*!50003 SET @saved_sql_mode       = @@sql_mode */ ;
/*!50003 SET sql_mode              = 'ONLY_FULL_GROUP_BY,STRICT_TRANS_TABLES,NO_ZERO_IN_DATE,NO_ZERO_DATE,ERROR_FOR_DIVISION_BY_ZERO,NO_ENGINE_SUBSTITUTION' */ ;
DELIMITER ;;
CREATE DEFINER=`root`@`localhost` PROCEDURE `spStockMinimo`(IN sucursalID INT)
BEGIN
    SELECT
        pd.proveedorID AS ProveedorID,
        p.Nombre AS Proveedor,
        pd.ProductoID,
        pd.nombre AS Producto,
        i.existencia AS StockActual,
        pd.ExistenciaMinima AS StockMinimo,
        CASE
            WHEN pd.categoriaID IN (1, 6, 7, 8) THEN 'Unidad'
            WHEN pd.categoriaID IN (2, 3, 5) THEN 'Cajas'
        END AS 'Tipo Unidad'
    FROM
        producto_detalle AS pd
    INNER JOIN
        inventario AS i ON pd.productoID = i.productoID
    INNER JOIN
        proveedor AS p ON pd.proveedorID = p.proveedorID
    WHERE
        (i.SucursalID = sucursalID OR sucursalID = 0) AND i.existencia < pd.ExistenciaMinima
    ORDER BY
        i.existencia;
END ;;
DELIMITER ;
/*!50003 SET sql_mode              = @saved_sql_mode */ ;
/*!50003 SET character_set_client  = @saved_cs_client */ ;
/*!50003 SET character_set_results = @saved_cs_results */ ;
/*!50003 SET collation_connection  = @saved_col_connection */ ;
/*!50003 DROP PROCEDURE IF EXISTS `sp_calcular_precios_promedio_trimestrales` */;
/*!50003 SET @saved_cs_client      = @@character_set_client */ ;
/*!50003 SET @saved_cs_results     = @@character_set_results */ ;
/*!50003 SET @saved_col_connection = @@collation_connection */ ;
/*!50003 SET character_set_client  = utf8mb4 */ ;
/*!50003 SET character_set_results = utf8mb4 */ ;
/*!50003 SET collation_connection  = utf8mb4_0900_ai_ci */ ;
/*!50003 SET @saved_sql_mode       = @@sql_mode */ ;
/*!50003 SET sql_mode              = 'ONLY_FULL_GROUP_BY,STRICT_TRANS_TABLES,NO_ZERO_IN_DATE,NO_ZERO_DATE,ERROR_FOR_DIVISION_BY_ZERO,NO_ENGINE_SUBSTITUTION' */ ;
DELIMITER ;;
CREATE DEFINER=`root`@`localhost` PROCEDURE `sp_calcular_precios_promedio_trimestrales`(IN p_year int)
BEGIN
    SELECT 
    PD.Nombre AS 'Nombre del Producto',
    CONCAT('L. ', CAST(SUM(CASE WHEN OE.Fecha_Hora BETWEEN CONCAT(p_year, '-01-01') AND CONCAT(p_year, '-03-31') THEN DE.Precio_Unitario ELSE PD.precio END) AS DECIMAL(10, 2))) AS 'Primer Trimestre',
    CONCAT('L. ', CAST(SUM(CASE WHEN OE.Fecha_Hora BETWEEN CONCAT(p_year, '-04-01') AND CONCAT(p_year, '-06-30') THEN DE.Precio_Unitario ELSE PD.precio END) AS DECIMAL(10, 2))) AS 'Segundo Trimestre',
    '' AS 'Tercer Trimestre',
    '' AS 'Cuarto Trimestre',
    CONCAT('L. ', CAST((SUM(CASE WHEN OE.Fecha_Hora BETWEEN CONCAT(p_year, '-01-01') AND CONCAT(p_year, '-03-31') THEN DE.Precio_Unitario ELSE PD.precio END) + 
          SUM(CASE WHEN OE.Fecha_Hora BETWEEN CONCAT(p_year, '-04-01') AND CONCAT(p_year, '-06-30') THEN DE.Precio_Unitario ELSE PD.precio END)) / 2 AS DECIMAL(10, 2))) AS 'PrecioPromedio'
FROM
    Producto_Detalle PD
LEFT JOIN
    Detalles_Orden_Entrada DE ON PD.ProductoID = DE.ID_Producto
LEFT JOIN
    Ordenes_Entrada OE ON DE.ID_Orden_Entrada = OE.ID_Orden_Entrada
WHERE
	YEAR(OE.Fecha_Hora) = p_year
GROUP BY
    PD.ProductoID, PD.Nombre
order by
	PD.Nombre;
END ;;
DELIMITER ;
/*!50003 SET sql_mode              = @saved_sql_mode */ ;
/*!50003 SET character_set_client  = @saved_cs_client */ ;
/*!50003 SET character_set_results = @saved_cs_results */ ;
/*!50003 SET collation_connection  = @saved_col_connection */ ;
/*!50003 DROP PROCEDURE IF EXISTS `sp_productos_sin_existencia` */;
/*!50003 SET @saved_cs_client      = @@character_set_client */ ;
/*!50003 SET @saved_cs_results     = @@character_set_results */ ;
/*!50003 SET @saved_col_connection = @@collation_connection */ ;
/*!50003 SET character_set_client  = utf8mb4 */ ;
/*!50003 SET character_set_results = utf8mb4 */ ;
/*!50003 SET collation_connection  = utf8mb4_0900_ai_ci */ ;
/*!50003 SET @saved_sql_mode       = @@sql_mode */ ;
/*!50003 SET sql_mode              = 'ONLY_FULL_GROUP_BY,STRICT_TRANS_TABLES,NO_ZERO_IN_DATE,NO_ZERO_DATE,ERROR_FOR_DIVISION_BY_ZERO,NO_ENGINE_SUBSTITUTION' */ ;
DELIMITER ;;
CREATE DEFINER=`root`@`localhost` PROCEDURE `sp_productos_sin_existencia`()
BEGIN
    SELECT pd.productoid AS `Producto ID`, 
           pd.nombre AS `Nombre`, 
           c.nombre AS `Categoría`,
           pr.nombre AS `Proveedor`, 
           CONCAT('L.', pd.precio) AS `Precio`,
           pd.existenciaminima AS `Existencia Mínima`,
			CASE
				WHEN c.categoriaID IN (1, 6, 7, 8) THEN 'Unidad'
				WHEN c.categoriaID IN (2, 3, 5) THEN 'Cajas'
			END AS 'Tipo Unidad'
    FROM producto_detalle pd
    LEFT JOIN detalles_orden_salida dos ON pd.productoid = dos.id_producto
    INNER JOIN categoria c ON pd.categoriaid = c.categoriaid
    INNER JOIN proveedor pr ON pd.proveedorid = pr.proveedorid
    LEFT JOIN inventario inv ON pd.productoid = inv.productoid
    WHERE inv.existencia IS NULL OR inv.existencia = 0
    GROUP BY pd.productoid, pd.nombre, c.nombre, pr.nombre, pd.precio, pd.existenciaminima
    Order by pd.nombre;
END ;;
DELIMITER ;
/*!50003 SET sql_mode              = @saved_sql_mode */ ;
/*!50003 SET character_set_client  = @saved_cs_client */ ;
/*!50003 SET character_set_results = @saved_cs_results */ ;
/*!50003 SET collation_connection  = @saved_col_connection */ ;
/*!40103 SET TIME_ZONE=@OLD_TIME_ZONE */;

/*!40101 SET SQL_MODE=@OLD_SQL_MODE */;
/*!40014 SET FOREIGN_KEY_CHECKS=@OLD_FOREIGN_KEY_CHECKS */;
/*!40014 SET UNIQUE_CHECKS=@OLD_UNIQUE_CHECKS */;
/*!40101 SET CHARACTER_SET_CLIENT=@OLD_CHARACTER_SET_CLIENT */;
/*!40101 SET CHARACTER_SET_RESULTS=@OLD_CHARACTER_SET_RESULTS */;
/*!40101 SET COLLATION_CONNECTION=@OLD_COLLATION_CONNECTION */;
/*!40111 SET SQL_NOTES=@OLD_SQL_NOTES */;

-- Dump completed on 2023-08-11 15:12:10
